Year,District,Season,Sown_Extent,Harvested_Extent,Waterfed_Major,Waterfed_Minor,Rainfed,Yield_Extent
1983,COLOMBO,Yala,18577.883797827115,17849.875117813383,3866.2728350515463,3388.6953165208442,3005.414551607445,1779.0
1983,GAMPAHA,Yala,18577.883797827115,17849.875117813383,3866.2728350515463,3388.6953165208442,3005.414551607445,2827.0
1983,KALUTARA,Yala,18577.883797827115,17849.875117813383,3866.2728350515463,3388.6953165208442,3005.414551607445,2177.0
1983,KANDY,Yala,18577.883797827115,17849.875117813383,3866.2728350515463,3388.6953165208442,3005.414551607445,3087.0
1983,MATALE,Yala,18577.883797827115,17849.875117813383,3866.2728350515463,3388.6953165208442,3005.414551607445,3400.0
1983,NUWARA ELIYA,Yala,18577.883797827115,17849.875117813383,3866.2728350515463,3388.6953165208442,3005.414551607445,4129.0
1983,GALLE,Yala,18577.883797827115,17849.875117813383,3866.2728350515463,3388.6953165208442,3005.414551607445,1361.0
1983,MATARA,Yala,18577.883797827115,17849.875117813383,3866.2728350515463,3388.6953165208442,3005.414551607445,2249.0
1983,HAMBANTOTA,Yala,18577.883797827115,17849.875117813383,3866.2728350515463,3388.6953165208442,3005.414551607445,4222.0
1983,JAFFNA,Yala,18577.883797827115,17849.875117813383,3866.2728350515463,3388.6953165208442,3005.414551607445,3830.0
1983,MANNAR,Yala,18577.883797827115,17849.875117813383,3866.2728350515463,3388.6953165208442,3005.414551607445,4297.0
1983,VAVUNIYA,Yala,18577.883797827115,17849.875117813383,3866.2728350515463,3388.6953165208442,3005.414551607445,3762.0
1983,MULLATIVU,Yala,18577.883797827115,17849.875117813383,3866.2728350515463,3388.6953165208442,3005.414551607445,2908.0
1983,KILINOCHCHI,Yala,18577.883797827115,17849.875117813383,3866.2728350515463,3388.6953165208442,3005.414551607445,3971.4277163904235
1983,BATTICALOA,Yala,18577.883797827115,17849.875117813383,3866.2728350515463,3388.6953165208442,3005.414551607445,3553.0
1983,AMPARA,Yala,18577.883797827115,17849.875117813383,3866.2728350515463,3388.6953165208442,3005.414551607445,4304.0
1983,TRINCOMALEE,Yala,18577.883797827115,17849.875117813383,3866.2728350515463,3388.6953165208442,3005.414551607445,3781.0
1983,KURUNEGALA,Yala,18577.883797827115,17849.875117813383,3866.2728350515463,3388.6953165208442,3005.414551607445,3300.0
1983,PUTTALAM,Yala,18577.883797827115,17849.875117813383,3866.2728350515463,3388.6953165208442,3005.414551607445,2911.0
1983,ANURADHAPURA,Yala,18577.883797827115,17849.875117813383,3866.2728350515463,3388.6953165208442,3005.414551607445,3597.0
1983,POLONNARUWA,Yala,18577.883797827115,17849.875117813383,3866.2728350515463,3388.6953165208442,3005.414551607445,4438.0
1983,BADULLA,Yala,18577.883797827115,17849.875117813383,3866.2728350515463,3388.6953165208442,3005.414551607445,3709.0
1983,MONARAGALA,Yala,18577.883797827115,17849.875117813383,3866.2728350515463,3388.6953165208442,3005.414551607445,3836.0
1983,RATNAPURA,Yala,18577.883797827115,17849.875117813383,3866.2728350515463,3388.6953165208442,3005.414551607445,3135.0
1983,KEGALLE,Yala,18577.883797827115,17849.875117813383,3866.2728350515463,3388.6953165208442,3005.414551607445,3350.0
1983,UDAWALAWE,Yala,18577.883797827115,17849.875117813383,3866.2728350515463,3388.6953165208442,3005.414551607445,5229.0
1983,MAHAWELI  'H',Yala,18577.883797827115,17849.875117813383,3866.2728350515463,3388.6953165208442,3005.414551607445,4173.0
1984,COLOMBO,Yala,5824.0,5507.0,3866.2728350515463,4986.0,4986.0,4986.0
1984,GAMPAHA,Yala,12556.0,12271.0,3379.0,12209.0,12209.0,12209.0
1984,KALUTARA,Yala,17127.0,15635.0,3866.2728350515463,16898.0,16898.0,16898.0
1984,KANDY,Yala,14290.0,14289.0,3320.0,14160.0,14160.0,14160.0
1984,MATALE,Yala,5907.0,5839.0,3510.0,4399.0,4399.0,4399.0
1984,NUWARA ELIYA,Yala,3707.0,3566.0,4624.0,3742.0,3742.0,3742.0
1984,GALLE,Yala,20095.0,19138.0,3866.2728350515463,19847.0,19847.0,19847.0
1984,MATARA,Yala,18668.0,18525.0,3046.0,17696.0,17696.0,17696.0
1984,HAMBANTOTA,Yala,16556.0,15650.0,3539.0,12592.0,12592.0,12592.0
1984,JAFFNA,Yala,18577.883797827115,17849.875117813383,3866.2728350515463,3388.6953165208442,3005.414551607445,3971.4277163904235
1984,MANNAR,Yala,826.0,773.0,3058.0,393.0,393.0,393.0
1984,VAVUNIYA,Yala,4513.0,4513.0,3291.0,150.0,150.0,150.0
1984,MULLATIVU,Yala,3522.0,3522.0,3147.0,1105.0,1105.0,1105.0
1984,KILINOCHCHI,Yala,7721.0,7721.0,2978.0,5695.0,5695.0,5695.0
1984,BATTICALOA,Yala,12097.0,11959.0,3890.0,11053.0,11053.0,11053.0
1984,AMPARA,Yala,38594.0,38380.0,4158.0,36593.0,36593.0,36593.0
1984,TRINCOMALEE,Yala,16022.0,16003.0,3856.0,11139.0,11139.0,11139.0
1984,KURUNEGALA,Yala,61234.0,60958.0,2999.0,40697.0,40697.0,40697.0
1984,PUTTALAM,Yala,6414.0,6147.0,2642.0,4942.0,4942.0,4942.0
1984,ANURADHAPURA,Yala,25287.0,24954.0,3021.0,9847.0,9847.0,9847.0
1984,POLONNARUWA,Yala,26286.0,26228.0,3913.0,23662.0,23662.0,23662.0
1984,BADULLA,Yala,10370.0,10162.0,2965.0,9762.0,9762.0,9762.0
1984,MONARAGALA,Yala,5212.0,5171.0,3502.0,3807.0,3807.0,3807.0
1984,RATNAPURA,Yala,14499.0,14156.0,3609.0,14706.0,14706.0,14706.0
1984,KEGALLE,Yala,10971.0,10882.0,3866.2728350515463,11004.0,11004.0,11004.0
1984,UDAWALAWE,Yala,11179.0,10973.0,3338.0,11155.0,11155.0,11155.0
1984,MAHAWELI  'H',Yala,14292.0,13954.0,2912.0,9709.0,9709.0,9709.0
1985,COLOMBO,Yala,4986.0,4785.0,3866.2728350515463,3512.0,2438.0,2478.0
1985,GAMPAHA,Yala,12209.0,12106.0,3078.0,2473.0,2779.0,2803.0
1985,KALUTARA,Yala,16898.0,15967.0,3866.2728350515463,2304.0,1730.0,1815.0
1985,KANDY,Yala,14160.0,14154.0,3696.0,3190.0,2933.0,3200.0
1985,MATALE,Yala,4399.0,4292.0,2704.0,3029.0,2853.0,2943.0
1985,NUWARA ELIYA,Yala,3742.0,3624.0,3912.0,3747.0,3005.414551607445,3774.0
1985,GALLE,Yala,19847.0,19648.0,3866.2728350515463,624.0,1925.0,1924.0
1985,MATARA,Yala,17696.0,17487.0,2701.0,2509.0,2378.0,2459.0
1985,HAMBANTOTA,Yala,12592.0,12580.0,4005.0,3700.0,3407.0,3930.0
1985,JAFFNA,Yala,18577.883797827115,17849.875117813383,3866.2728350515463,3388.6953165208442,3005.414551607445,3971.4277163904235
1985,MANNAR,Yala,393.0,364.0,3650.0,3388.6953165208442,3005.414551607445,3650.0
1985,VAVUNIYA,Yala,150.0,129.0,3866.2728350515463,3388.6953165208442,3005.414551607445,3971.4277163904235
1985,MULLATIVU,Yala,1105.0,1096.0,2976.0,3462.0,3005.414551607445,3056.0
1985,KILINOCHCHI,Yala,5695.0,5687.0,4012.0,3388.6953165208442,3005.414551607445,4012.0
1985,BATTICALOA,Yala,11053.0,11017.0,3737.0,2617.0,4134.0,3771.0
1985,AMPARA,Yala,36593.0,36490.0,4576.0,3401.0,3005.414551607445,4567.0
1985,TRINCOMALEE,Yala,11139.0,9328.0,3936.0,2647.0,3005.414551607445,3881.0
1985,KURUNEGALA,Yala,40697.0,39010.0,2990.0,2658.0,3250.0,2989.0
1985,PUTTALAM,Yala,4942.0,4792.0,2896.0,2689.0,2892.0,2834.0
1985,ANURADHAPURA,Yala,9847.0,9765.0,3996.0,2802.0,3005.414551607445,3756.0
1985,POLONNARUWA,Yala,23662.0,23657.0,4437.0,2719.0,3005.414551607445,4396.0
1985,BADULLA,Yala,9762.0,9738.0,3361.0,3794.0,3005.414551607445,3511.0
1985,MONARAGALA,Yala,3807.0,3483.0,3118.0,3551.0,3005.414551607445,3324.0
1985,RATNAPURA,Yala,14706.0,14553.0,4134.0,2968.0,2456.0,2841.0
1985,KEGALLE,Yala,11004.0,10905.0,3866.2728350515463,3398.0,3405.0,3472.0
1985,UDAWALAWE,Yala,11155.0,11152.0,3859.0,3388.6953165208442,3005.414551607445,3859.0
1985,MAHAWELI  'H',Yala,9709.0,9633.0,3241.0,3388.6953165208442,3005.414551607445,3241.0
1986,COLOMBO,Yala,5728.0,5651.0,3866.2728350515463,3100.0,2808.0,2841.0
1986,GAMPAHA,Yala,10270.0,10010.0,2347.0,2685.0,2836.0,2764.0
1986,KALUTARA,Yala,16767.0,16485.0,2387.0,2712.0,2190.0,2264.0
1986,KANDY,Yala,15345.0,15343.0,3670.0,2922.0,2787.0,3090.0
1986,MATALE,Yala,6528.0,6153.0,2660.0,2917.0,2486.0,2761.0
1986,NUWARA ELIYA,Yala,3857.0,3500.0,2923.0,3451.0,3005.414551607445,3386.0
1986,GALLE,Yala,20454.0,20295.0,3866.2728350515463,4118.0,2071.0,2073.0
1986,MATARA,Yala,18211.0,17863.0,3062.0,3027.0,2441.0,2676.0
1986,HAMBANTOTA,Yala,15326.0,15012.0,4134.0,3552.0,3418.0,4026.0
1986,JAFFNA,Yala,18577.883797827115,17849.875117813383,3866.2728350515463,3388.6953165208442,3005.414551607445,3971.4277163904235
1986,MANNAR,Yala,367.0,364.0,2876.0,2594.0,3005.414551607445,2829.0
1986,VAVUNIYA,Yala,1447.0,1397.0,3247.0,4732.0,3005.414551607445,3913.0
1986,MULLATIVU,Yala,3057.0,3027.0,2828.0,2417.0,3005.414551607445,2737.0
1986,KILINOCHCHI,Yala,7758.0,7485.0,3946.0,3388.6953165208442,3005.414551607445,3946.0
1986,BATTICALOA,Yala,14257.0,14090.0,3705.0,2929.0,3194.0,3618.0
1986,AMPARA,Yala,43489.0,43315.0,4133.0,3188.0,3005.414551607445,4133.0
1986,TRINCOMALEE,Yala,5219.0,5203.0,3796.0,2748.0,3005.414551607445,3737.0
1986,KURUNEGALA,Yala,48157.0,22349.0,3394.0,2449.0,2130.0,2811.0
1986,PUTTALAM,Yala,5333.0,3954.0,2858.0,1790.0,2641.0,2534.0
1986,ANURADHAPURA,Yala,13865.0,12784.0,3616.0,3374.0,3005.414551607445,3555.0
1986,POLONNARUWA,Yala,28862.0,28703.0,3948.0,3585.0,3005.414551607445,3943.0
1986,BADULLA,Yala,7633.0,7574.0,3632.0,3939.0,3005.414551607445,3761.0
1986,MONARAGALA,Yala,4582.0,4395.0,3088.0,3790.0,2135.0,3345.0
1986,RATNAPURA,Yala,14798.0,14648.0,3673.0,2996.0,2468.0,2885.0
1986,KEGALLE,Yala,10624.0,9986.0,3866.2728350515463,2829.0,2867.0,2859.0
1986,UDAWALAWE,Yala,11466.0,11459.0,4162.0,3388.6953165208442,3005.414551607445,4162.0
1986,MAHAWELI  'H',Yala,6709.0,6687.0,3027.0,3388.6953165208442,3005.414551607445,3027.0
1987,COLOMBO,Yala,4008.0,3826.0,3866.2728350515463,2234.0,2274.0,2269.0
1987,GAMPAHA,Yala,10445.0,10411.0,3457.0,3594.0,3150.0,3235.0
1987,KALUTARA,Yala,14945.0,14407.0,1433.0,2045.0,2030.0,2015.0
1987,KANDY,Yala,13989.0,13875.0,3574.0,2616.0,2371.0,2804.0
1987,MATALE,Yala,4300.0,3043.0,3204.0,2242.0,1653.0,2594.0
1987,NUWARA ELIYA,Yala,3730.0,3719.0,3937.0,4068.0,3005.414551607445,4044.0
1987,GALLE,Yala,14959.0,14665.0,3866.2728350515463,2448.0,1841.0,1842.0
1987,MATARA,Yala,15043.0,14538.0,2757.0,2586.0,2404.0,2503.0
1987,HAMBANTOTA,Yala,8661.0,8029.0,4409.0,3115.0,3176.0,4261.0
1987,JAFFNA,Yala,18577.883797827115,17849.875117813383,3866.2728350515463,3388.6953165208442,3005.414551607445,3971.4277163904235
1987,MANNAR,Yala,72.0,51.0,3866.2728350515463,3379.0,3005.414551607445,3379.0
1987,VAVUNIYA,Yala,79.0,72.0,3866.2728350515463,3388.6953165208442,3005.414551607445,3609.0
1987,MULLATIVU,Yala,327.0,302.0,5216.0,2887.0,3005.414551607445,3057.0
1987,KILINOCHCHI,Yala,182.0,182.0,3866.2728350515463,3388.6953165208442,3005.414551607445,3970.0
1987,BATTICALOA,Yala,14774.0,14230.0,3369.0,3621.0,3715.0,3427.0
1987,AMPARA,Yala,45785.0,45869.0,4285.0,3493.0,3005.414551607445,4280.0
1987,TRINCOMALEE,Yala,4456.0,3342.0,3866.2728350515463,3388.6953165208442,3005.414551607445,3764.0
1987,KURUNEGALA,Yala,34580.0,18220.0,3269.0,3984.0,3093.0,3330.0
1987,PUTTALAM,Yala,1668.0,974.0,3273.0,2263.0,2064.0,2806.0
1987,ANURADHAPURA,Yala,3751.0,3166.0,2933.0,2547.0,3005.414551607445,2912.0
1987,POLONNARUWA,Yala,28015.0,25999.0,3751.0,3362.0,3005.414551607445,3749.0
1987,BADULLA,Yala,10623.0,10449.0,3531.0,3717.0,3005.414551607445,3582.0
1987,MONARAGALA,Yala,2896.0,2454.0,3502.0,2850.0,3005.414551607445,3312.0
1987,RATNAPURA,Yala,11716.0,11061.0,4510.0,3128.0,2135.0,3054.0
1987,KEGALLE,Yala,10109.0,9855.0,3866.2728350515463,3236.0,3095.0,3117.0
1987,UDAWALAWE,Yala,10585.0,10513.0,4602.0,3388.6953165208442,3005.414551607445,4602.0
1987,MAHAWELI  'H',Yala,3295.0,2802.0,2871.0,3388.6953165208442,3005.414551607445,2871.0
1988,COLOMBO,Yala,5157.0,5138.0,0.0,2860.0,2916.0,2908.0
1988,GAMPAHA,Yala,11620.0,11513.0,2967.0,3378.0,2692.0,2797.0
1988,KALUTARA,Yala,16207.0,15808.0,1911.0,2493.0,2037.0,2112.0
1988,KANDY,Yala,15353.0,15273.0,4008.0,2821.0,2697.0,3099.0
1988,MATALE,Yala,6378.0,6232.0,3024.0,2661.0,2763.0,2831.0
1988,NUWARA ELIYA,Yala,3751.0,3749.0,3036.0,3570.0,0.0,3474.0
1988,GALLE,Yala,19844.0,19711.0,0.0,2585.0,2327.0,2328.0
1988,MATARA,Yala,17654.0,17532.0,3385.0,3070.0,2728.0,2948.0
1988,HAMBANTOTA,Yala,13741.0,13741.0,4435.0,3994.0,3773.0,4351.0
1988,JAFFNA,Yala,18577.883797827115,17849.875117813383,0.0,0.0,0.0,0.0
1988,MANNAR,Yala,851.0,851.0,2998.0,0.0,2990.0,2998.0
1988,VAVUNIYA,Yala,372.0,335.0,3331.0,3351.0,0.0,3351.0
1988,MULLATIVU,Yala,619.0,605.0,2836.0,0.0,0.0,2836.0
1988,KILINOCHCHI,Yala,2079.0,2056.0,4023.0,3589.0,0.0,4016.0
1988,BATTICALOA,Yala,8414.0,8045.0,3586.0,2999.0,4042.0,3609.0
1988,AMPARA,Yala,42306.0,40287.0,4290.0,3108.0,0.0,4277.0
1988,TRINCOMALEE,Yala,9044.0,8139.0,3609.0,3388.6953165208442,3005.414551607445,3506.0
1988,KURUNEGALA,Yala,53119.0,52800.0,3538.0,2851.0,2932.0,3009.0
1988,PUTTALAM,Yala,6020.0,5457.0,2554.0,2704.0,2651.0,2632.0
1988,ANURADHAPURA,Yala,7036.0,6589.0,3479.0,3427.0,0.0,3459.0
1988,POLONNARUWA,Yala,30591.0,30553.0,4114.0,3175.0,0.0,4109.0
1988,BADULLA,Yala,11199.0,11154.0,4010.0,3665.0,0.0,3911.0
1988,MONARAGALA,Yala,3116.0,2923.0,3255.0,3525.0,3410.0,3352.0
1988,RATNAPURA,Yala,13629.0,13485.0,3607.0,3024.0,2459.0,2882.0
1988,KEGALLE,Yala,10720.0,10706.0,0.0,2829.0,3022.0,2979.0
1988,UDAWALAWE,Yala,10411.0,10379.0,4644.0,0.0,0.0,4644.0
1988,MAHAWELI  'H',Yala,3951.0,3947.0,3208.0,0.0,0.0,3208.0
1989,COLOMBO,Yala,3559.0,3542.0,0.0,1806.0,2321.0,2251.0
1989,GAMPAHA,Yala,7044.0,6928.0,2524.0,2781.0,2710.0,2689.0
1989,KALUTARA,Yala,16151.0,15974.0,1998.0,2680.0,2317.0,2418.0
1989,KANDY,Yala,14592.0,14489.0,4481.0,3153.0,2578.0,3321.0
1989,MATALE,Yala,4337.0,4302.0,3129.0,2829.0,2697.0,2936.0
1989,NUWARA ELIYA,Yala,3736.0,3736.0,3254.0,3488.0,0.0,3446.0
1989,GALLE,Yala,16550.0,16489.0,0.0,0.0,2162.0,2162.0
1989,MATARA,Yala,16297.0,16046.0,3233.0,3146.0,2452.0,2721.0
1989,HAMBANTOTA,Yala,15591.0,15489.0,4340.0,4145.0,3247.0,4274.0
1989,JAFFNA,Yala,18577.883797827115,17849.875117813383,0.0,0.0,0.0,3971.4277163904235
1989,MANNAR,Yala,13.0,11.0,2616.0,0.0,0.0,2616.0
1989,VAVUNIYA,Yala,18577.883797827115,17849.875117813383,0.0,0.0,0.0,3971.4277163904235
1989,MULLATIVU,Yala,245.0,241.0,0.0,3087.0,0.0,3087.0
1989,KILINOCHCHI,Yala,176.0,107.0,0.0,0.0,0.0,2578.0
1989,BATTICALOA,Yala,15124.0,14085.0,3399.0,2881.0,2150.0,3332.0
1989,AMPARA,Yala,39541.0,36361.0,3113.0,2239.0,0.0,3106.0
1989,TRINCOMALEE,Yala,4179.0,3970.0,2578.0,0.0,0.0,2578.0
1989,KURUNEGALA,Yala,21846.0,20433.0,4390.0,2541.0,2726.0,3259.0
1989,PUTTALAM,Yala,2529.0,2185.0,3616.0,2995.0,2841.0,3228.0
1989,ANURADHAPURA,Yala,1465.0,1465.0,2624.0,2390.0,0.0,2594.0
1989,POLONNARUWA,Yala,30886.0,30656.0,4117.0,3253.0,0.0,4112.0
1989,BADULLA,Yala,10698.0,10630.0,3861.0,4166.0,0.0,3939.0
1989,MONARAGALA,Yala,1855.0,1759.0,2874.0,3334.0,0.0,3206.0
1989,RATNAPURA,Yala,10554.0,10446.0,4759.0,3051.0,2055.0,2844.0
1989,KEGALLE,Yala,9595.0,9572.0,0.0,3118.0,2628.0,2780.0
1989,UDAWALAWE,Yala,10406.0,10381.0,5249.0,0.0,0.0,5249.0
1989,MAHAWELI  'H',Yala,1140.0,617.0,2624.0,0.0,0.0,2624.0
1990,COLOMBO,Yala,4836.0,4819.0,0.0,2033.0,2555.0,2477.0
1990,GAMPAHA,Yala,11323.0,11238.0,2774.0,3219.0,2539.0,2665.0
1990,KALUTARA,Yala,16254.0,16183.0,1974.0,2536.0,2427.0,2434.0
1990,KANDY,Yala,16110.0,16102.0,4035.0,2936.0,2951.0,3205.0
1990,MATALE,Yala,6141.0,6117.0,2828.0,3154.0,2179.0,2911.0
1990,NUWARA ELIYA,Yala,3325.0,3325.0,3279.0,2709.0,0.0,2802.0
1990,GALLE,Yala,18427.0,18339.0,0.0,2551.0,2537.0,2537.0
1990,MATARA,Yala,17922.0,17885.0,4081.0,2023.0,2868.0,3145.0
1990,HAMBANTOTA,Yala,13592.0,13087.0,4873.0,4827.0,3074.0,4796.0
1990,JAFFNA,Yala,18577.883797827115,17849.875117813383,0.0,0.0,0.0,0.0
1990,MANNAR,Yala,12.0,11.0,0.0,0.0,0.0,0.0
1990,VAVUNIYA,Yala,18577.883797827115,17849.875117813383,0.0,0.0,0.0,0.0
1990,MULLATIVU,Yala,245.0,236.0,0.0,0.0,0.0,0.0
1990,KILINOCHCHI,Yala,175.0,172.0,0.0,0.0,0.0,0.0
1990,BATTICALOA,Yala,14400.0,13956.0,0.0,0.0,0.0,0.0
1990,AMPARA,Yala,47492.0,37270.0,0.0,0.0,0.0,0.0
1990,TRINCOMALEE,Yala,4000.0,3529.0,0.0,0.0,0.0,0.0
1990,KURUNEGALA,Yala,40257.0,36784.0,3323.0,2822.0,2221.0,2667.0
1990,PUTTALAM,Yala,4188.0,3949.0,3126.0,2546.0,5004.0,3062.0
1990,ANURADHAPURA,Yala,14722.0,13720.0,3372.0,3207.0,0.0,3332.0
1990,POLONNARUWA,Yala,37122.0,37113.0,3812.0,3956.0,0.0,3812.0
1990,BADULLA,Yala,10383.0,10321.0,4307.0,3041.0,0.0,3913.0
1990,MONARAGALA,Yala,4056.0,3893.0,3994.0,2707.0,3040.0,3540.0
1990,RATNAPURA,Yala,13772.0,13698.0,4765.0,2813.0,2436.0,2882.0
1990,KEGALLE,Yala,10924.0,10909.0,0.0,2893.0,2540.0,2621.0
1990,UDAWALAWE,Yala,10488.0,10488.0,4949.0,0.0,0.0,4949.0
1990,MAHAWELI  'H',Yala,5814.0,5814.0,3455.0,0.0,0.0,3455.0
1991,COLOMBO,Yala,4815.0,4758.0,0.0,1711.0,2064.0,2013.0
1991,GAMPAHA,Yala,10891.0,10615.0,2418.0,2322.0,2136.0,2188.0
1991,KALUTARA,Yala,16386.0,15198.0,1533.0,2015.0,2137.0,2108.0
1991,KANDY,Yala,14845.0,14811.0,4329.0,2453.0,2452.0,2942.0
1991,MATALE,Yala,4180.0,4161.0,2890.0,3309.0,2587.0,3090.0
1991,NUWARA ELIYA,Yala,3144.0,3144.0,4062.0,3914.0,0.0,3935.0
1991,GALLE,Yala,19007.0,17583.0,0.0,2618.0,1906.0,1911.0
1991,MATARA,Yala,15192.0,14640.0,2897.0,2248.0,2135.0,2307.0
1991,HAMBANTOTA,Yala,13839.0,13839.0,3582.0,3167.0,2170.0,3477.0
1991,JAFFNA,Yala,18577.883797827115,17849.875117813383,0.0,0.0,0.0,3971.4277163904235
1991,MANNAR,Yala,12.0,11.0,0.0,0.0,0.0,2964.0
1991,VAVUNIYA,Yala,465.0,465.0,0.0,0.0,0.0,3624.0
1991,MULLATIVU,Yala,3543.0,3331.0,0.0,0.0,0.0,2918.0
1991,KILINOCHCHI,Yala,5912.0,5144.0,0.0,0.0,0.0,3607.0
1991,BATTICALOA,Yala,8986.0,8392.0,0.0,0.0,0.0,2516.0
1991,AMPARA,Yala,38691.0,37464.0,3549.0,3632.0,0.0,3550.0
1991,TRINCOMALEE,Yala,6774.0,5663.0,0.0,0.0,0.0,3366.0
1991,KURUNEGALA,Yala,42267.0,41986.0,3332.0,2746.0,2659.0,2815.0
1991,PUTTALAM,Yala,4564.0,4461.0,3112.0,2058.0,0.0,2716.0
1991,ANURADHAPURA,Yala,8451.0,8314.0,3488.0,2769.0,0.0,3384.0
1991,POLONNARUWA,Yala,38140.0,38115.0,3974.0,3481.0,0.0,3972.0
1991,BADULLA,Yala,10163.0,10069.0,3701.0,3385.0,0.0,3600.0
1991,MONARAGALA,Yala,4082.0,4059.0,3984.0,3026.0,3658.0,3748.0
1991,RATNAPURA,Yala,13791.0,13736.0,4418.0,2290.0,2047.0,2418.0
1991,KEGALLE,Yala,10933.0,10912.0,0.0,2666.0,2461.0,2508.0
1991,UDAWALAWE,Yala,10103.0,10103.0,4276.0,0.0,0.0,4276.0
1991,MAHAWELI  'H',Yala,6962.0,6942.0,2763.0,0.0,0.0,2763.0
1992,COLOMBO,Yala,1877.0,1762.0,0.0,2588.0,1440.0,1602.0
1992,GAMPAHA,Yala,6202.0,6105.0,4236.0,2925.0,2652.0,2863.0
1992,KALUTARA,Yala,13639.0,13321.0,1905.0,2573.0,2275.0,2319.0
1992,KANDY,Yala,13794.0,13766.0,4477.0,2360.0,2824.0,3120.0
1992,MATALE,Yala,3693.0,3429.0,3497.0,3564.0,2525.0,3471.0
1992,NUWARA ELIYA,Yala,3036.0,3036.0,3114.0,3112.0,0.0,3112.0
1992,GALLE,Yala,10234.0,10159.0,0.0,2682.0,2376.0,2379.0
1992,MATARA,Yala,14317.0,14289.0,2806.0,2738.0,2622.0,2689.0
1992,HAMBANTOTA,Yala,12095.0,9900.0,3834.0,3101.0,2954.0,3763.0
1992,JAFFNA,Yala,18577.883797827115,17849.875117813383,0.0,0.0,0.0,0.0
1992,MANNAR,Yala,548.0,520.0,0.0,0.0,0.0,0.0
1992,VAVUNIYA,Yala,182.0,176.0,0.0,0.0,0.0,0.0
1992,MULLATIVU,Yala,528.0,507.0,0.0,0.0,0.0,0.0
1992,KILINOCHCHI,Yala,247.0,247.0,0.0,0.0,0.0,0.0
1992,BATTICALOA,Yala,10670.0,7372.0,3397.0,2685.0,1617.0,3303.0
1992,AMPARA,Yala,42252.0,41736.0,3608.0,3287.0,0.0,3604.0
1992,TRINCOMALEE,Yala,4156.0,3943.0,0.0,0.0,0.0,3403.0
1992,KURUNEGALA,Yala,43543.0,40977.0,3615.0,3107.0,3305.0,3291.0
1992,PUTTALAM,Yala,2690.0,2593.0,4117.0,2545.0,2727.0,2482.0
1992,ANURADHAPURA,Yala,7483.0,6885.0,3146.0,3015.0,0.0,3126.0
1992,POLONNARUWA,Yala,28501.0,28018.0,3901.0,3486.0,0.0,3898.0
1992,BADULLA,Yala,9381.0,9300.0,3720.0,3292.0,0.0,3598.0
1992,MONARAGALA,Yala,2546.0,2173.0,3777.0,1819.0,3005.414551607445,3346.0
1992,RATNAPURA,Yala,10506.0,10315.0,0.0,2847.0,2141.0,2665.0
1992,KEGALLE,Yala,10747.0,10707.0,0.0,2947.0,2861.0,2880.0
1992,UDAWALAWE,Yala,1328.0,1328.0,3978.0,0.0,0.0,3978.0
1992,MAHAWELI  'H',Yala,788.0,672.0,2563.0,0.0,0.0,2563.0
1993,COLOMBO,Yala,2146.0,2101.0,0.0,2228.0,2144.0,2150.0
1993,GAMPAHA,Yala,5660.0,5621.0,3760.0,1983.0,2447.0,2525.0
1993,KALUTARA,Yala,13618.0,13241.0,2061.0,2307.0,2018.0,2059.0
1993,KANDY,Yala,12039.0,12038.0,3404.0,1953.0,1712.0,2258.0
1993,MATALE,Yala,4263.0,4232.0,3633.0,3754.0,2257.0,3531.0
1993,NUWARA ELIYA,Yala,3035.0,3035.0,2955.0,3837.0,0.0,3612.0
1993,GALLE,Yala,15885.0,14725.0,0.0,2429.0,1888.0,1889.0
1993,MATARA,Yala,16575.0,15622.0,2761.0,2596.0,2642.0,2658.0
1993,HAMBANTOTA,Yala,11691.0,11667.0,4696.0,4089.0,3259.0,4586.0
1993,JAFFNA,Yala,18577.883797827115,17849.875117813383,0.0,0.0,0.0,3971.4277163904235
1993,MANNAR,Yala,46.0,44.0,0.0,0.0,0.0,0.0
1993,VAVUNIYA,Yala,265.0,252.0,0.0,0.0,0.0,0.0
1993,MULLATIVU,Yala,1287.0,1223.0,0.0,0.0,0.0,0.0
1993,KILINOCHCHI,Yala,938.0,937.0,4466.0,3816.0,0.0,4456.0
1993,BATTICALOA,Yala,10508.0,10449.0,4178.0,0.0,0.0,4154.0
1993,AMPARA,Yala,44920.0,44919.0,4179.0,3806.0,0.0,4171.0
1993,TRINCOMALEE,Yala,9620.0,9139.0,0.0,0.0,0.0,0.0
1993,KURUNEGALA,Yala,37928.0,35620.0,3338.0,2674.0,2517.0,2740.0
1993,PUTTALAM,Yala,3981.0,3247.0,3278.0,2029.0,3224.0,2778.0
1993,ANURADHAPURA,Yala,7150.0,6944.0,3156.0,2761.0,0.0,3123.0
1993,POLONNARUWA,Yala,39893.0,39870.0,4681.0,0.0,3865.0,4681.0
1993,BADULLA,Yala,10241.0,10135.0,3990.0,3285.0,2852.0,3780.0
1993,MONARAGALA,Yala,1872.0,1872.0,3818.0,2292.0,0.0,3135.0
1993,RATNAPURA,Yala,13343.0,13144.0,4791.0,3058.0,2545.0,3072.0
1993,KEGALLE,Yala,10736.0,10665.0,0.0,3001.0,3112.0,3086.0
1993,UDAWALAWE,Yala,9602.0,9602.0,4777.0,0.0,0.0,4777.0
1993,MAHAWELI  'H',Yala,1365.0,1365.0,3589.0,0.0,0.0,3589.0
1994,COLOMBO,Yala,3675.0,3645.0,0.0,2243.0,2122.0,2136.0
1994,GAMPAHA,Yala,6303.0,6216.0,2972.0,2905.0,2271.0,2416.0
1994,KALUTARA,Yala,14506.0,14402.0,2247.0,2408.0,2289.0,2305.0
1994,KANDY,Yala,8930.0,8912.0,2548.0,2285.0,2785.0,2542.0
1994,MATALE,Yala,3139.0,3127.0,3351.0,4139.0,3168.0,3876.0
1994,NUWARA ELIYA,Yala,3046.0,3036.0,3847.0,3879.0,0.0,3871.0
1994,GALLE,Yala,17182.0,17002.0,0.0,2863.0,2131.0,2134.0
1994,MATARA,Yala,17153.0,17133.0,3290.0,2945.0,2708.0,2901.0
1994,HAMBANTOTA,Yala,18346.0,18321.0,3951.0,3389.0,3481.0,3875.0
1994,JAFFNA,Yala,18577.883797827115,17849.875117813383,0.0,0.0,0.0,0.0
1994,MANNAR,Yala,1104.0,1058.0,0.0,0.0,0.0,2887.0
1994,VAVUNIYA,Yala,1418.0,1296.0,4703.0,3852.0,0.0,4340.0
1994,MULLATIVU,Yala,2471.0,2437.0,0.0,0.0,0.0,2990.0
1994,KILINOCHCHI,Yala,5024.0,5024.0,3735.0,2330.0,0.0,3721.0
1994,BATTICALOA,Yala,11629.0,11494.0,2980.0,4519.0,3644.0,3108.0
1994,AMPARA,Yala,51440.0,51396.0,4508.0,3434.0,0.0,4019.0
1994,TRINCOMALEE,Yala,11614.0,11614.0,0.0,0.0,0.0,0.0
1994,KURUNEGALA,Yala,39874.0,28963.0,3199.0,2471.0,2828.0,2780.0
1994,PUTTALAM,Yala,6685.0,6343.0,3332.0,2997.0,0.0,3218.0
1994,ANURADHAPURA,Yala,25222.0,24929.0,3243.0,3090.0,0.0,3203.0
1994,POLONNARUWA,Yala,42380.0,42358.0,4508.0,3431.0,0.0,4473.0
1994,BADULLA,Yala,10592.0,10553.0,3201.0,3443.0,0.0,3269.0
1994,MONARAGALA,Yala,4101.0,4031.0,3313.0,2252.0,0.0,2974.0
1994,RATNAPURA,Yala,13485.0,13452.0,3765.0,2839.0,2421.0,2797.0
1994,KEGALLE,Yala,10154.0,10033.0,0.0,3069.0,2892.0,2936.0
1994,UDAWALAWE,Yala,9880.0,9880.0,4726.0,0.0,0.0,4727.0
1994,MAHAWELI  'H',Yala,9203.0,9203.0,3306.0,0.0,0.0,3307.0
1995,COLOMBO,Yala,1917.0,1905.0,3866.2728350515463,1885.0,1789.0,1796.0
1995,GAMPAHA,Yala,2903.0,2854.0,2421.0,2958.0,2248.0,2331.0
1995,KALUTARA,Yala,13025.0,12701.0,1727.0,2415.0,2320.0,2327.0
1995,KANDY,Yala,12191.0,12184.0,4265.0,2582.0,2996.0,3188.0
1995,MATALE,Yala,4648.0,4628.0,3525.0,3062.0,2716.0,3184.0
1995,NUWARA ELIYA,Yala,2946.0,2943.0,3709.0,3515.0,3005.414551607445,3561.0
1995,GALLE,Yala,11932.0,11716.0,3866.2728350515463,2573.0,2095.0,2097.0
1995,MATARA,Yala,15763.0,15678.0,3518.0,2726.0,2525.0,2804.0
1995,HAMBANTOTA,Yala,18654.0,18634.0,4007.0,3546.0,3164.0,3927.0
1995,JAFFNA,Yala,18577.883797827115,17849.875117813383,3866.2728350515463,3388.6953165208442,3005.414551607445,3971.4277163904235
1995,MANNAR,Yala,949.0,905.0,3866.2728350515463,3388.6953165208442,3005.414551607445,2939.0
1995,VAVUNIYA,Yala,885.0,817.0,3687.0,3170.0,3005.414551607445,3433.0
1995,MULLATIVU,Yala,2336.0,2310.0,3866.2728350515463,3388.6953165208442,3005.414551607445,2940.0
1995,KILINOCHCHI,Yala,2350.0,2302.0,3299.0,3388.6953165208442,3005.414551607445,3298.0
1995,BATTICALOA,Yala,12395.0,12286.0,3615.0,3773.0,3645.0,3627.0
1995,AMPARA,Yala,52050.0,51757.0,4005.0,3574.0,3005.414551607445,3997.0
1995,TRINCOMALEE,Yala,14780.0,14459.0,3866.2728350515463,3388.6953165208442,3005.414551607445,3094.0
1995,KURUNEGALA,Yala,52851.0,48500.0,3272.0,3023.0,2851.0,3007.0
1995,PUTTALAM,Yala,7123.0,6479.0,2530.0,2874.0,3545.0,2711.0
1995,ANURADHAPURA,Yala,19028.0,18363.0,3295.0,3165.0,3005.414551607445,3258.0
1995,POLONNARUWA,Yala,42957.0,42953.0,4255.0,3738.0,3005.414551607445,4240.0
1995,BADULLA,Yala,10645.0,10467.0,3576.0,3768.0,3005.414551607445,3628.0
1995,MONARAGALA,Yala,4283.0,4281.0,3320.0,2568.0,2076.0,3088.0
1995,RATNAPURA,Yala,12640.0,12079.0,3387.0,3859.0,2362.0,3312.0
1995,KEGALLE,Yala,10642.0,10576.0,3866.2728350515463,2653.0,2521.0,2553.0
1995,UDAWALAWE,Yala,9712.0,9712.0,4669.0,3388.6953165208442,3005.414551607445,4669.0
1995,MAHAWELI  'H',Yala,8768.0,8760.0,3751.0,3388.6953165208442,3005.414551607445,3752.0
1996,COLOMBO,Yala,1369.0,1255.0,2744.0,1752.0,2081.0,2080.0
1996,GAMPAHA,Yala,1342.0,1272.0,3614.0,2596.0,2874.0,2885.0
1996,KALUTARA,Yala,11842.0,11700.0,1846.0,2516.0,2131.0,2184.0
1996,KANDY,Yala,10223.0,10124.0,4266.0,2292.0,2141.0,2873.0
1996,MATALE,Yala,3708.0,3689.0,3492.0,3138.0,3099.0,3284.0
1996,NUWARA ELIYA,Yala,2527.0,2523.0,4343.0,3762.0,3005.414551607445,3842.0
1996,GALLE,Yala,12600.0,12591.0,3866.2728350515463,2740.0,2211.0,2213.0
1996,MATARA,Yala,15240.0,15198.0,3195.0,2868.0,2551.0,2771.0
1996,HAMBANTOTA,Yala,14418.0,14400.0,4310.0,3255.0,1682.0,4066.0
1996,JAFFNA,Yala,18577.883797827115,17849.875117813383,3866.2728350515463,3388.6953165208442,3005.414551607445,3971.4277163904235
1996,MANNAR,Yala,456.0,448.0,3866.2728350515463,3388.6953165208442,3005.414551607445,2939.0
1996,VAVUNIYA,Yala,18577.883797827115,17849.875117813383,3866.2728350515463,3388.6953165208442,3005.414551607445,3971.4277163904235
1996,MULLATIVU,Yala,221.0,217.0,3866.2728350515463,3388.6953165208442,3005.414551607445,2939.0
1996,KILINOCHCHI,Yala,18577.883797827115,17849.875117813383,3866.2728350515463,3388.6953165208442,3005.414551607445,3971.4277163904235
1996,BATTICALOA,Yala,9345.0,9155.0,3170.0,4086.0,4073.0,3279.0
1996,AMPARA,Yala,51196.0,51097.0,4425.0,3861.0,3005.414551607445,4415.0
1996,TRINCOMALEE,Yala,5792.0,5676.0,3866.2728350515463,3388.6953165208442,3005.414551607445,3609.0
1996,KURUNEGALA,Yala,30203.0,16858.0,2905.0,2176.0,1621.0,2309.0
1996,PUTTALAM,Yala,1463.0,1337.0,3261.0,2861.0,3005.414551607445,3098.0
1996,ANURADHAPURA,Yala,4360.0,4342.0,3860.0,3521.0,3005.414551607445,3828.0
1996,POLONNARUWA,Yala,31077.0,31039.0,3982.0,3620.0,3005.414551607445,3973.0
1996,BADULLA,Yala,10271.0,10066.0,2793.0,3715.0,3005.414551607445,3055.0
1996,MONARAGALA,Yala,4279.0,4241.0,3500.0,2983.0,3005.414551607445,3360.0
1996,RATNAPURA,Yala,11175.0,11096.0,3410.0,3353.0,2454.0,3089.0
1996,KEGALLE,Yala,7207.0,7156.0,3866.2728350515463,3098.0,2692.0,2791.0
1996,UDAWALAWE,Yala,8063.0,8002.0,4400.0,3388.6953165208442,3005.414551607445,4400.0
1996,MAHAWELI  'H',Yala,1437.0,1411.0,3913.3,3388.6953165208442,3005.414551607445,3913.0
1997,COLOMBO,Yala,1730.0,1695.0,2013.0,2589.0,1979.0,2032.0
1997,GAMPAHA,Yala,2298.0,2252.0,2915.0,2634.0,2931.0,2902.0
1997,KALUTARA,Yala,11541.0,11510.0,2400.0,2791.0,2540.0,2574.0
1997,KANDY,Yala,11322.0,11096.0,3977.0,2403.0,2984.0,3140.0
1997,MATALE,Yala,4845.0,4748.0,4256.0,3216.0,2925.0,3687.0
1997,NUWARA ELIYA,Yala,2882.0,2879.0,3866.2728350515463,2894.0,3518.0,3250.0
1997,GALLE,Yala,9461.0,9272.0,3866.2728350515463,2230.0,2323.0,2323.0
1997,MATARA,Yala,15103.0,14997.0,2758.0,2737.0,2662.0,2701.0
1997,HAMBANTOTA,Yala,15308.0,15155.0,4032.0,3062.0,2831.0,3886.0
1997,JAFFNA,Yala,18577.883797827115,17849.875117813383,3866.2728350515463,3388.6953165208442,3005.414551607445,3971.4277163904235
1997,MANNAR,Yala,144.0,123.0,2990.0,2320.0,3005.414551607445,2681.0
1997,VAVUNIYA,Yala,65.0,55.0,3866.2728350515463,3388.6953165208442,3005.414551607445,2836.0
1997,MULLATIVU,Yala,784.0,667.0,3866.2728350515463,3388.6953165208442,3005.414551607445,2939.0
1997,KILINOCHCHI,Yala,1088.0,925.0,3866.2728350515463,3388.6953165208442,3005.414551607445,2320.0
1997,BATTICALOA,Yala,5503.0,5392.0,3321.0,3169.0,3818.0,3324.0
1997,AMPARA,Yala,38455.0,38455.0,4405.0,4467.0,3005.414551607445,4406.0
1997,TRINCOMALEE,Yala,7371.0,6266.0,3866.2728350515463,3388.6953165208442,3005.414551607445,3300.0
1997,KURUNEGALA,Yala,39622.0,33679.0,3895.0,2622.0,2136.0,2678.0
1997,PUTTALAM,Yala,3000.0,2970.0,3566.0,3004.0,3429.0,3280.0
1997,ANURADHAPURA,Yala,4244.0,4074.0,3543.0,3218.0,3005.414551607445,3455.0
1997,POLONNARUWA,Yala,35666.0,34952.0,4410.0,4355.0,3005.414551607445,4409.0
1997,BADULLA,Yala,9560.0,9368.0,3379.0,2902.0,3005.414551607445,3321.0
1997,MONARAGALA,Yala,2927.0,2868.0,4234.0,3059.0,3005.414551607445,3780.0
1997,RATNAPURA,Yala,11440.0,11211.0,3469.0,3164.0,2847.0,3091.0
1997,KEGALLE,Yala,9728.0,9685.0,3866.2728350515463,2600.0,2971.0,2883.0
1997,UDAWALAWE,Yala,9024.0,9023.0,5008.0,3388.6953165208442,3005.414551607445,5008.0
1997,MAHAWELI  'H',Yala,3700.0,3700.0,3700.0,3388.6953165208442,3005.414551607445,3700.0
1998,COLOMBO,Yala,439.0,412.0,3176.0,2064.0,2626.0,2532.0
1998,GAMPAHA,Yala,1470.0,1380.0,1615.0,2322.0,2044.0,2014.0
1998,KALUTARA,Yala,9636.0,8993.0,1967.0,2640.0,2716.0,2696.0
1998,KANDY,Yala,7864.0,7546.0,4581.0,2256.0,2200.0,3228.0
1998,MATALE,Yala,6058.0,5838.0,4200.0,2951.0,2647.0,3554.0
1998,NUWARA ELIYA,Yala,2697.0,2581.0,3234.0,2797.0,3168.0,2960.0
1998,GALLE,Yala,1603.0,1490.0,3866.2728350515463,3192.0,2294.0,2302.0
1998,MATARA,Yala,12056.0,11416.0,3509.0,3475.0,2972.0,3215.0
1998,HAMBANTOTA,Yala,18788.0,18336.0,4515.0,3621.0,2214.0,4366.0
1998,JAFFNA,Yala,18577.883797827115,17849.875117813383,3866.2728350515463,3388.6953165208442,3005.414551607445,3971.4277163904235
1998,MANNAR,Yala,741.0,724.0,3866.2728350515463,3388.6953165208442,3005.414551607445,3971.4277163904235
1998,VAVUNIYA,Yala,1022.0,999.0,3866.2728350515463,3388.6953165208442,3005.414551607445,3971.4277163904235
1998,MULLATIVU,Yala,1619.0,1577.0,3866.2728350515463,3388.6953165208442,3005.414551607445,3971.4277163904235
1998,KILINOCHCHI,Yala,18577.883797827115,17849.875117813383,3866.2728350515463,3388.6953165208442,3005.414551607445,3971.4277163904235
1998,BATTICALOA,Yala,11334.0,11074.0,3577.0,3099.0,3099.0,3539.0
1998,AMPARA,Yala,52574.0,51499.0,4560.0,3693.0,3005.414551607445,4548.0
1998,TRINCOMALEE,Yala,11922.0,11680.0,3866.2728350515463,3388.6953165208442,3005.414551607445,3971.4277163904235
1998,KURUNEGALA,Yala,26547.0,25294.0,4095.0,2862.0,2998.0,3294.0
1998,PUTTALAM,Yala,4958.0,4826.0,3906.0,2360.0,2448.0,3605.0
1998,ANURADHAPURA,Yala,14139.0,13781.0,3902.0,3721.0,3005.414551607445,3870.0
1998,POLONNARUWA,Yala,43636.0,42734.0,4341.0,4042.0,3005.414551607445,4335.0
1998,BADULLA,Yala,11055.0,10737.0,4289.0,3512.0,3598.0,4036.0
1998,MONARAGALA,Yala,3869.0,3741.0,3732.0,2464.0,3005.414551607445,3138.0
1998,RATNAPURA,Yala,11829.0,11219.0,2838.0,2791.0,2472.0,2706.0
1998,KEGALLE,Yala,5680.0,5306.0,3866.2728350515463,2646.0,2438.0,2481.0
1998,UDAWALAWE,Yala,7210.0,7210.0,4787.0,3388.6953165208442,3005.414551607445,4787.0
1998,MAHAWELI  'H',Yala,5672.0,5672.0,4072.0,3388.6953165208442,3005.414551607445,4072.0
1999,COLOMBO,Yala,3380.0,3380.0,3644.0,2437.0,2510.0,2517.0
1999,GAMPAHA,Yala,3623.0,3585.0,3300.0,3091.0,3102.0,3120.0
1999,KALUTARA,Yala,13244.0,12470.0,2795.0,2841.0,2436.0,2488.0
1999,KANDY,Yala,11308.0,10764.0,4488.0,3142.0,3227.0,3568.0
1999,MATALE,Yala,6492.0,6222.0,3913.0,3799.0,3060.0,3784.0
1999,NUWARA ELIYA,Yala,2304.0,2199.0,3100.0,3356.0,3005.414551607445,3281.0
1999,GALLE,Yala,14268.0,13413.0,3866.2728350515463,1939.0,2671.0,2665.0
1999,MATARA,Yala,15989.0,15167.0,4197.0,3855.0,3614.0,3792.0
1999,HAMBANTOTA,Yala,20667.0,19608.0,3911.0,3196.0,3077.0,3809.0
1999,JAFFNA,Yala,18577.883797827115,17849.875117813383,3866.2728350515463,3388.6953165208442,3005.414551607445,3971.4277163904235
1999,MANNAR,Yala,741.0,717.0,2681.0,2269.0,3005.414551607445,2640.0
1999,VAVUNIYA,Yala,1154.0,822.0,3609.0,3351.0,3005.414551607445,3487.0
1999,MULLATIVU,Yala,1619.0,1564.0,2990.0,2475.0,3005.414551607445,2887.0
1999,KILINOCHCHI,Yala,0.0,17849.875117813383,3866.2728350515463,3388.6953165208442,3005.414551607445,3971.4277163904235
1999,BATTICALOA,Yala,14850.0,14369.0,3707.0,2586.0,4062.0,3632.0
1999,AMPARA,Yala,53465.0,51842.0,4293.0,4266.0,3005.414551607445,4290.0
1999,TRINCOMALEE,Yala,12125.0,11984.0,3609.0,3388.6953165208442,3005.414551607445,3609.0
1999,KURUNEGALA,Yala,45287.0,43023.0,4161.0,3113.0,3168.0,3349.0
1999,PUTTALAM,Yala,6357.0,6122.0,4070.0,2521.0,3293.0,3574.0
1999,ANURADHAPURA,Yala,19470.0,18764.0,4290.0,3777.0,3005.414551607445,4126.0
1999,POLONNARUWA,Yala,46144.0,45813.0,4367.0,4352.0,3005.414551607445,4365.0
1999,BADULLA,Yala,9820.0,9471.0,3744.0,3616.0,3005.414551607445,3707.0
1999,MONARAGALA,Yala,5300.0,5100.0,4232.0,3747.0,3005.414551607445,3988.0
1999,RATNAPURA,Yala,12635.0,12005.0,2894.0,3077.0,3503.0,2893.0
1999,KEGALLE,Yala,8884.0,8370.0,3866.2728350515463,3370.0,3195.0,3233.0
1999,UDAWALAWE,Yala,7657.0,7625.0,4760.0,3388.6953165208442,3005.414551607445,4760.0
1999,MAHAWELI  'H',Yala,8683.0,8683.0,4138.0,3388.6953165208442,3005.414551607445,4138.0
2000,COLOMBO,Yala,1080.0,1076.0,2475.0,2915.0,2691.0,2733.0
2000,GAMPAHA,Yala,1931.0,1904.0,3341.0,2421.0,2745.0,2770.0
2000,KALUTARA,Yala,12817.0,12807.0,2375.0,2802.0,2645.0,2661.0
2000,KANDY,Yala,8395.0,8340.0,4447.0,3009.0,2586.0,3492.0
2000,MATALE,Yala,6335.0,6119.0,4121.0,3287.0,2167.0,3627.0
2000,NUWARA ELIYA,Yala,2284.0,2112.0,3819.0,2981.0,3005.414551607445,3164.0
2000,GALLE,Yala,12648.0,11384.0,3866.2728350515463,3430.0,2618.0,2623.0
2000,MATARA,Yala,16416.0,16376.0,3987.0,3614.0,3513.0,3639.0
2000,HAMBANTOTA,Yala,21286.0,20109.0,4207.0,3827.0,2593.0,4092.0
2000,JAFFNA,Yala,18577.883797827115,17849.875117813383,3866.2728350515463,3388.6953165208442,3005.414551607445,3971.4277163904235
2000,MANNAR,Yala,848.0,796.0,2681.0,2269.0,3005.414551607445,2681.0
2000,VAVUNIYA,Yala,918.0,853.0,3609.0,3747.0,3005.414551607445,3686.0
2000,MULLATIVU,Yala,1619.0,1515.0,2990.0,2475.0,3005.414551607445,2939.0
2000,KILINOCHCHI,Yala,18577.883797827115,17849.875117813383,3866.2728350515463,3388.6953165208442,3005.414551607445,3971.4277163904235
2000,BATTICALOA,Yala,15408.0,15408.0,3621.0,2837.0,3036.0,3544.0
2000,AMPARA,Yala,54569.0,54521.0,4676.0,4095.0,3005.414551607445,4666.0
2000,TRINCOMALEE,Yala,12965.0,12908.0,3846.0,3495.0,3005.414551607445,3832.0
2000,KURUNEGALA,Yala,34177.0,17738.0,3682.0,3132.0,2340.0,3142.0
2000,PUTTALAM,Yala,6238.0,5820.0,3837.0,3316.0,2977.0,3666.0
2000,ANURADHAPURA,Yala,21213.0,19827.0,4273.0,4180.0,3005.414551607445,4248.0
2000,POLONNARUWA,Yala,47825.0,47608.0,4564.0,4377.0,3005.414551607445,4560.0
2000,BADULLA,Yala,10978.0,10258.0,3819.0,2981.0,3005.414551607445,4571.0
2000,MONARAGALA,Yala,5741.0,5622.0,4231.0,3196.0,2733.0,3852.0
2000,RATNAPURA,Yala,12229.0,12171.0,4488.0,2992.0,2572.0,3092.0
2000,KEGALLE,Yala,5534.0,5403.0,3866.2728350515463,3014.0,2794.0,2843.0
2000,UDAWALAWE,Yala,8804.0,8804.0,4821.0,3388.6953165208442,3005.414551607445,4821.0
2000,MAHAWELI  'H',Yala,6490.0,6490.0,3804.0,3388.6953165208442,3005.414551607445,3804.0
2001,COLOMBO,Yala,954.0,954.0,3516.0,2812.0,2626.0,2698.0
2001,GAMPAHA,Yala,1356.0,1347.0,3925.0,2692.0,2544.0,2810.0
2001,KALUTARA,Yala,13034.0,13022.0,2576.0,2784.0,2730.0,2734.0
2001,KANDY,Yala,10075.0,10066.0,4820.0,3081.0,3248.0,3794.0
2001,MATALE,Yala,6273.0,6173.0,4382.0,2924.0,2702.0,3650.0
2001,NUWARA ELIYA,Yala,2251.0,2251.0,4192.0,3678.0,1945.0,3786.0
2001,GALLE,Yala,6530.0,6511.0,3866.2728350515463,1896.0,2621.0,2617.0
2001,MATARA,Yala,14658.0,14658.0,3599.0,3411.0,3206.0,3341.0
2001,HAMBANTOTA,Yala,9645.0,9279.0,4818.0,3862.0,2652.0,4589.0
2001,JAFFNA,Yala,18577.883797827115,17849.875117813383,3866.2728350515463,3388.6953165208442,3005.414551607445,3971.4277163904235
2001,MANNAR,Yala,848.0,806.0,2681.0,2269.0,3005.414551607445,2649.0
2001,VAVUNIYA,Yala,1169.0,1169.0,2784.0,2681.0,3005.414551607445,2743.0
2001,MULLATIVU,Yala,1619.0,1534.0,2990.0,2475.0,3005.414551607445,2888.0
2001,KILINOCHCHI,Yala,18577.883797827115,17849.875117813383,3866.2728350515463,3388.6953165208442,3005.414551607445,3971.4277163904235
2001,BATTICALOA,Yala,16111.0,14377.0,3082.0,2404.0,3512.0,3036.0
2001,AMPARA,Yala,53307.0,52656.0,4918.0,4378.0,3005.414551607445,4908.0
2001,TRINCOMALEE,Yala,12659.0,12616.0,4383.0,4383.0,3005.414551607445,4383.0
2001,KURUNEGALA,Yala,46187.0,26568.0,4128.0,2660.0,2143.0,3101.0
2001,PUTTALAM,Yala,7602.0,6831.0,3665.0,2974.0,3372.0,3423.0
2001,ANURADHAPURA,Yala,17507.0,17475.0,4582.0,4045.0,3005.414551607445,4409.0
2001,POLONNARUWA,Yala,47969.0,47909.0,4907.0,3845.0,3005.414551607445,4873.0
2001,BADULLA,Yala,10432.0,10355.0,4885.0,3952.0,2524.0,4629.0
2001,MONARAGALA,Yala,3297.0,2533.0,4620.0,3541.0,3000.0,4120.0
2001,RATNAPURA,Yala,11280.0,11054.0,3919.0,3386.0,2555.0,3237.0
2001,KEGALLE,Yala,6286.0,5917.0,3866.2728350515463,3233.0,3079.0,3113.0
2001,UDAWALAWE,Yala,8638.0,8638.0,5108.0,3388.6953165208442,3005.414551607445,5108.0
2001,MAHAWELI  'H',Yala,9586.0,9547.0,4747.0,3388.6953165208442,3005.414551607445,4747.0
2002,COLOMBO,Yala,2070.0,1966.0,3477.0,2216.0,2517.0,2464.0
2002,GAMPAHA,Yala,1727.0,1640.0,3126.0,2428.0,2846.0,2817.0
2002,KALUTARA,Yala,13155.0,12497.0,2749.0,2246.0,2526.0,2495.0
2002,KANDY,Yala,10506.0,9981.0,4927.0,2554.0,2604.0,3449.0
2002,MATALE,Yala,6465.0,6142.0,3789.0,3328.0,2650.0,3511.0
2002,NUWARA ELIYA,Yala,2152.0,2045.0,3684.0,3498.0,3533.0,3540.0
2002,GALLE,Yala,12316.0,11700.0,3866.2728350515463,2687.0,2606.0,2607.0
2002,MATARA,Yala,13695.0,13010.0,3186.0,2908.0,2898.0,2962.0
2002,HAMBANTOTA,Yala,12525.0,11899.0,4399.0,4436.0,2725.0,4343.0
2002,JAFFNA,Yala,18577.883797827115,17849.875117813383,3866.2728350515463,3388.6953165208442,3005.414551607445,3971.4277163904235
2002,MANNAR,Yala,1146.0,1098.0,2733.0,2269.0,3005.414551607445,2710.0
2002,VAVUNIYA,Yala,703.0,657.0,2939.0,2733.0,3005.414551607445,2840.0
2002,MULLATIVU,Yala,3006.0,2973.0,2990.0,2990.0,3005.414551607445,2990.0
2002,KILINOCHCHI,Yala,4813.0,4738.0,2578.0,2320.0,3005.414551607445,2577.0
2002,BATTICALOA,Yala,16183.0,15374.0,3342.0,2740.0,2924.0,3282.0
2002,AMPARA,Yala,54697.0,51962.0,4518.0,4269.0,3005.414551607445,4512.0
2002,TRINCOMALEE,Yala,10706.0,10171.0,4295.0,3002.0,3005.414551607445,4238.0
2002,KURUNEGALA,Yala,58947.0,51574.0,3805.0,3216.0,2867.0,3207.0
2002,PUTTALAM,Yala,10602.0,10071.0,3691.0,2748.0,2365.0,3225.0
2002,ANURADHAPURA,Yala,12347.0,11730.0,4339.0,3725.0,3005.414551607445,4190.0
2002,POLONNARUWA,Yala,45599.0,43319.0,4540.0,4089.0,3005.414551607445,4528.0
2002,BADULLA,Yala,10324.0,9807.0,4488.0,3213.0,3005.414551607445,4122.0
2002,MONARAGALA,Yala,4658.0,4426.0,3637.0,3012.0,3005.414551607445,3406.0
2002,RATNAPURA,Yala,11645.0,11063.0,3878.0,2989.0,2682.0,3036.0
2002,KEGALLE,Yala,7603.0,7223.0,3866.2728350515463,2965.0,2960.0,2961.0
2002,UDAWALAWE,Yala,8759.0,8321.0,4902.0,3388.6953165208442,3005.414551607445,4902.0
2002,MAHAWELI  'H',Yala,5775.0,5486.0,4606.0,3388.6953165208442,3005.414551607445,4606.0
2003,COLOMBO,Yala,1792.0,1649.0,3777.0,2227.0,2379.0,2318.0
2003,GAMPAHA,Yala,4770.0,4388.0,3252.0,2291.0,2320.0,2459.0
2003,KALUTARA,Yala,11701.0,10766.0,2330.0,2749.0,2310.0,2364.0
2003,KANDY,Yala,10336.0,9651.0,4163.0,3036.0,2726.0,3577.0
2003,MATALE,Yala,6999.0,6439.0,3712.0,3653.0,3479.0,3668.0
2003,NUWARA ELIYA,Yala,1900.0,1749.0,3590.0,3251.0,2836.0,3318.0
2003,GALLE,Yala,11511.0,10590.0,3866.2728350515463,2101.0,2608.0,2604.0
2003,MATARA,Yala,14562.0,13396.0,3207.0,2857.0,2646.0,2818.0
2003,HAMBANTOTA,Yala,20076.0,18470.0,3916.0,3302.0,2329.0,3802.0
2003,JAFFNA,Yala,18577.883797827115,17849.875117813383,3866.2728350515463,3388.6953165208442,3005.414551607445,3971.4277163904235
2003,MANNAR,Yala,551.0,506.0,2733.0,2269.0,3005.414551607445,2674.0
2003,VAVUNIYA,Yala,843.0,776.0,3602.0,3675.0,3005.414551607445,3624.0
2003,MULLATIVU,Yala,1862.0,1714.0,4151.0,3071.0,2886.0,3791.0
2003,KILINOCHCHI,Yala,3450.0,3174.0,3351.0,3351.0,3005.414551607445,3351.0
2003,BATTICALOA,Yala,20477.0,18839.0,3291.0,3602.0,3747.0,3321.0
2003,AMPARA,Yala,56292.0,51788.0,4500.0,4036.0,3005.414551607445,4491.0
2003,TRINCOMALEE,Yala,13957.0,12841.0,4176.0,4125.0,3005.414551607445,4168.0
2003,KURUNEGALA,Yala,58437.0,53761.0,3610.0,3058.0,3081.0,3162.0
2003,PUTTALAM,Yala,11693.0,10757.0,3472.0,2997.0,2890.0,3268.0
2003,ANURADHAPURA,Yala,23570.0,21684.0,3967.0,3715.0,3005.414551607445,3891.0
2003,POLONNARUWA,Yala,50627.0,46577.0,4504.0,3661.0,3005.414551607445,4474.0
2003,BADULLA,Yala,11979.0,11020.0,4489.0,3459.0,3005.414551607445,4256.0
2003,MONARAGALA,Yala,6758.0,6219.0,3964.0,3243.0,3005.414551607445,3698.0
2003,RATNAPURA,Yala,11436.0,10521.0,3821.0,2536.0,2005.0,2610.0
2003,KEGALLE,Yala,8523.0,7841.0,3866.2728350515463,2898.0,3093.0,3045.0
2003,UDAWALAWE,Yala,8560.0,8474.0,4877.0,3388.6953165208442,3005.414551607445,4877.0
2003,MAHAWELI  'H',Yala,8371.0,8288.0,4393.0,3388.6953165208442,3005.414551607445,4393.0
2004,COLOMBO,Yala,1070.0,1057.0,3323.0,2532.0,2549.0,2562.0
2004,GAMPAHA,Yala,1789.0,1784.0,3061.0,3055.0,2650.0,2825.0
2004,KALUTARA,Yala,9169.0,9140.0,2942.0,2366.0,2300.0,2312.0
2004,KANDY,Yala,8336.0,8022.0,4692.0,3622.0,2854.0,3962.0
2004,MATALE,Yala,4397.0,4074.0,4630.0,3626.0,2523.0,4021.0
2004,NUWARA ELIYA,Yala,1964.0,1964.0,4138.0,3486.0,2861.0,3630.0
2004,GALLE,Yala,7693.0,7507.0,3866.2728350515463,3159.0,3159.0,3159.0
2004,MATARA,Yala,13921.0,13906.0,4188.0,3716.0,3390.0,3652.0
2004,HAMBANTOTA,Yala,13485.0,13383.0,5111.0,3852.0,2993.0,4780.0
2004,JAFFNA,Yala,18577.883797827115,17849.875117813383,3866.2728350515463,3388.6953165208442,3005.414551607445,3971.4277163904235
2004,MANNAR,Yala,221.0,199.0,3866.2728350515463,3388.6953165208442,2836.0,2836.0
2004,VAVUNIYA,Yala,106.0,102.0,4431.0,4554.0,3005.414551607445,4454.0
2004,MULLATIVU,Yala,491.0,486.0,4495.0,3162.0,3162.0,4215.0
2004,KILINOCHCHI,Yala,4265.0,4264.0,4435.0,4657.0,3005.414551607445,4436.0
2004,BATTICALOA,Yala,16808.0,16375.0,3502.0,3443.0,4052.0,3501.0
2004,AMPARA,Yala,55755.0,55739.0,4776.0,4622.0,4622.0,4771.0
2004,TRINCOMALEE,Yala,7795.0,7342.0,4267.0,4345.0,3005.414551607445,4268.0
2004,KURUNEGALA,Yala,22167.0,19182.0,3891.0,3469.0,3728.0,3661.0
2004,PUTTALAM,Yala,2816.0,2500.0,3290.0,3186.0,3428.0,3247.0
2004,ANURADHAPURA,Yala,3087.0,2996.0,4459.0,3383.0,3383.0,4117.0
2004,POLONNARUWA,Yala,38634.0,37840.0,5002.0,4500.0,3005.414551607445,4988.0
2004,BADULLA,Yala,10643.0,10643.0,5084.0,3451.0,3451.0,4619.0
2004,MONARAGALA,Yala,5059.0,4922.0,4012.0,3158.0,3158.0,3676.0
2004,RATNAPURA,Yala,9562.0,9514.0,4935.0,3482.0,2689.0,3550.0
2004,KEGALLE,Yala,6579.0,6037.0,3866.2728350515463,3496.0,3518.0,3513.0
2004,UDAWALAWE,Yala,8606.0,8606.0,5383.0,3388.6953165208442,3005.414551607445,5383.0
2004,MAHAWELI  'H',Yala,3462.0,3280.0,4286.0,3388.6953165208442,3005.414551607445,4286.0
2005,COLOMBO,Yala,2263.0,2257.0,2138.0,2252.0,2506.0,2431.0
2005,GAMPAHA,Yala,3487.0,3408.0,3369.0,3261.0,2441.0,2741.0
2005,KALUTARA,Yala,11479.0,11446.0,2437.0,2444.0,2316.0,2335.0
2005,KANDY,Yala,8852.0,8774.0,4657.0,2494.0,2691.0,3489.0
2005,MATALE,Yala,5368.0,5276.0,3257.0,3275.0,2519.0,3205.0
2005,NUWARA ELIYA,Yala,1932.0,1893.0,2962.0,2881.0,3812.0,2917.0
2005,GALLE,Yala,9414.0,9336.0,3866.2728350515463,3499.0,2783.0,2788.0
2005,MATARA,Yala,14115.0,14103.0,4060.0,3295.0,2794.0,3219.0
2005,HAMBANTOTA,Yala,16633.0,16492.0,4357.0,3449.0,2916.0,4166.0
2005,JAFFNA,Yala,18577.883797827115,17849.875117813383,3866.2728350515463,3388.6953165208442,3005.414551607445,3971.4277163904235
2005,MANNAR,Yala,1093.0,1071.0,4141.0,3815.0,3005.414551607445,4101.0
2005,VAVUNIYA,Yala,1332.0,1330.0,3873.0,3981.0,3981.0,3931.0
2005,MULLATIVU,Yala,2519.0,2442.0,3780.0,4037.0,3316.0,3792.0
2005,KILINOCHCHI,Yala,5389.0,4724.0,3599.0,3350.0,3005.414551607445,3597.0
2005,BATTICALOA,Yala,16719.0,16707.0,3418.0,3854.0,3005.414551607445,3451.0
2005,AMPARA,Yala,56324.0,56322.0,4775.0,4452.0,4452.0,4766.0
2005,TRINCOMALEE,Yala,16321.0,15095.0,4447.0,4615.0,3005.414551607445,4464.0
2005,KURUNEGALA,Yala,44961.0,36773.0,3867.0,2763.0,2532.0,2955.0
2005,PUTTALAM,Yala,5927.0,5634.0,3869.0,3065.0,2998.0,3405.0
2005,ANURADHAPURA,Yala,24294.0,24261.0,4316.0,4018.0,3331.0,4228.0
2005,POLONNARUWA,Yala,49865.0,49829.0,4778.0,4315.0,3005.414551607445,4761.0
2005,BADULLA,Yala,11394.0,11394.0,4551.0,3457.0,3457.0,4251.0
2005,MONARAGALA,Yala,6114.0,6082.0,3951.0,3377.0,2988.0,3711.0
2005,RATNAPURA,Yala,10375.0,10316.0,3961.0,2928.0,2621.0,3026.0
2005,KEGALLE,Yala,7774.0,7750.0,3866.2728350515463,3127.0,3062.0,3078.0
2005,UDAWALAWE,Yala,9190.0,9190.0,5166.0,3388.6953165208442,3005.414551607445,5166.0
2005,MAHAWELI  'H',Yala,13479.0,13466.0,4843.0,3388.6953165208442,3005.414551607445,4843.0
2006,COLOMBO,Yala,480.0,456.0,2702.0,2702.0,2502.0,2537.0
2006,GAMPAHA,Yala,1158.0,1102.0,2839.0,2818.0,2526.0,2659.0
2006,KALUTARA,Yala,9759.0,9385.0,2910.0,2857.0,2665.0,2693.0
2006,KANDY,Yala,8067.0,7893.0,4627.0,3215.0,3222.0,3895.0
2006,MATALE,Yala,7268.0,7268.0,3925.0,3228.0,3224.0,3587.0
2006,NUWARA ELIYA,Yala,1923.0,1883.0,3229.0,3069.0,3774.0,3120.0
2006,GALLE,Yala,4912.0,4895.0,3866.2728350515463,4205.0,2720.0,2728.0
2006,MATARA,Yala,11443.0,11415.0,3702.0,3324.0,3556.0,3550.0
2006,HAMBANTOTA,Yala,16448.0,16406.0,4693.0,3615.0,2962.0,4470.0
2006,JAFFNA,Yala,18577.883797827115,17849.875117813383,3866.2728350515463,3388.6953165208442,3005.414551607445,3971.4277163904235
2006,MANNAR,Yala,48.0,48.0,4100.0,3777.0,3005.414551607445,4067.0
2006,VAVUNIYA,Yala,721.0,710.0,4526.0,4367.0,3005.414551607445,4432.0
2006,MULLATIVU,Yala,2755.0,2617.0,3742.0,3997.0,3283.0,3650.0
2006,KILINOCHCHI,Yala,5235.0,4488.0,3563.0,3317.0,3005.414551607445,3561.0
2006,BATTICALOA,Yala,15498.0,15226.0,3650.0,3623.0,3623.0,3649.0
2006,AMPARA,Yala,55036.0,55021.0,4901.0,4212.0,4624.0,4884.0
2006,TRINCOMALEE,Yala,11027.0,10330.0,4484.0,3573.0,3005.414551607445,4415.0
2006,KURUNEGALA,Yala,35093.0,33338.0,4291.0,3527.0,3058.0,3653.0
2006,PUTTALAM,Yala,6781.0,6574.0,4257.0,3121.0,2790.0,3647.0
2006,ANURADHAPURA,Yala,21201.0,21072.0,4704.0,4165.0,4071.0,4560.0
2006,POLONNARUWA,Yala,48501.0,48501.0,4909.0,4628.0,3005.414551607445,4899.0
2006,BADULLA,Yala,11337.0,11298.0,4591.0,3855.0,3949.0,4388.0
2006,MONARAGALA,Yala,6579.0,6579.0,4383.0,3542.0,3516.0,4055.0
2006,RATNAPURA,Yala,9520.0,9482.0,4267.0,3361.0,2690.0,3368.0
2006,KEGALLE,Yala,5471.0,5468.0,3866.2728350515463,3340.0,3055.0,3130.0
2006,UDAWALAWE,Yala,9484.0,9294.0,5424.0,3388.6953165208442,3005.414551607445,5424.0
2006,MAHAWELI  'H',Yala,13451.0,13451.0,4717.0,3388.6953165208442,3005.414551607445,4717.0
2007,COLOMBO,Yala,879.0,878.0,3250.0,3250.0,3377.0,3346.0
2007,GAMPAHA,Yala,2407.0,2395.0,3297.0,2714.0,3800.0,3656.0
2007,KALUTARA,Yala,7135.0,7114.0,2838.0,3446.0,2990.0,3060.0
2007,KANDY,Yala,8157.0,8054.0,4725.0,2993.0,3407.0,3903.0
2007,MATALE,Yala,5585.0,5526.0,4661.0,3699.0,2635.0,4086.0
2007,NUWARA ELIYA,Yala,2072.0,2066.0,3582.0,3737.0,3737.0,3703.0
2007,GALLE,Yala,5871.0,5840.0,3866.2728350515463,3169.0,3263.0,3262.0
2007,MATARA,Yala,13345.0,13118.0,4104.0,3804.0,3493.0,3712.0
2007,HAMBANTOTA,Yala,20923.0,20771.0,5038.0,4770.0,3261.0,4940.0
2007,JAFFNA,Yala,18577.883797827115,17849.875117813383,3866.2728350515463,3388.6953165208442,3005.414551607445,3971.4277163904235
2007,MANNAR,Yala,843.0,835.0,4251.0,3234.0,3005.414551607445,4224.0
2007,VAVUNIYA,Yala,586.0,585.0,4505.0,4312.0,3005.414551607445,4446.0
2007,MULLATIVU,Yala,1862.0,1839.0,3883.0,3125.0,3641.0,3765.0
2007,KILINOCHCHI,Yala,3561.0,3526.0,3542.0,2538.0,3005.414551607445,3507.0
2007,BATTICALOA,Yala,2705.0,2141.0,3680.0,3680.0,3680.0,3680.0
2007,AMPARA,Yala,53787.0,53633.0,5025.0,3841.0,3005.414551607445,4993.0
2007,TRINCOMALEE,Yala,10368.0,10368.0,4386.0,4156.0,3005.414551607445,4376.0
2007,KURUNEGALA,Yala,28729.0,22780.0,4704.0,3024.0,3340.0,3755.0
2007,PUTTALAM,Yala,5320.0,5215.0,4403.0,3811.0,3247.0,4145.0
2007,ANURADHAPURA,Yala,14635.0,14623.0,4953.0,4301.0,4301.0,4804.0
2007,POLONNARUWA,Yala,49558.0,49540.0,5065.0,4817.0,3005.414551607445,5057.0
2007,BADULLA,Yala,10705.0,10705.0,4939.0,3874.0,3874.0,4639.0
2007,MONARAGALA,Yala,8926.0,8923.0,4534.0,4166.0,4166.0,4377.0
2007,RATNAPURA,Yala,7437.0,7320.0,5059.0,3760.0,3203.0,3970.0
2007,KEGALLE,Yala,5159.0,5049.0,3866.2728350515463,3210.0,3317.0,3291.0
2007,UDAWALAWE,Yala,9381.0,9381.0,5641.0,3388.6953165208442,3005.414551607445,5641.0
2007,MAHAWELI  'H',Yala,11440.0,11440.0,5136.0,3388.6953165208442,3005.414551607445,5136.0
2008,COLOMBO,Yala,3832.0,3809.0,2959.0,2777.0,3282.0,3172.0
2008,GAMPAHA,Yala,7501.0,7470.0,3182.0,3262.0,3255.0,3243.0
2008,KALUTARA,Yala,12368.0,10849.0,3332.0,2976.0,2695.0,2743.0
2008,KANDY,Yala,11629.0,11617.0,4722.0,3125.0,3799.0,3895.0
2008,MATALE,Yala,11960.0,11874.0,4346.0,3513.0,2629.0,3784.0
2008,NUWARA ELIYA,Yala,2087.0,2045.0,3875.0,3636.0,3636.0,3688.0
2008,GALLE,Yala,14130.0,13510.0,3866.2728350515463,3942.0,3021.0,3027.0
2008,MATARA,Yala,15975.0,15912.0,4263.0,3679.0,3553.0,3755.0
2008,HAMBANTOTA,Yala,24500.0,24451.0,5015.0,3925.0,3025.0,4725.0
2008,JAFFNA,Yala,18577.883797827115,17849.875117813383,3866.2728350515463,3388.6953165208442,3005.414551607445,3971.4277163904235
2008,MANNAR,Yala,984.0,886.0,4288.0,4288.0,3005.414551607445,4288.0
2008,VAVUNIYA,Yala,4969.0,4472.0,4389.0,4391.0,4391.0,4390.0
2008,MULLATIVU,Yala,3143.0,2634.0,3094.0,2320.0,3005.414551607445,2963.0
2008,KILINOCHCHI,Yala,4413.0,3681.0,3094.0,2320.0,3005.414551607445,3086.0
2008,BATTICALOA,Yala,17728.0,17702.0,3954.0,3805.0,3805.0,3943.0
2008,AMPARA,Yala,60168.0,60124.0,4948.0,4242.0,4225.0,4927.0
2008,TRINCOMALEE,Yala,15296.0,15145.0,4606.0,3797.0,3005.414551607445,4504.0
2008,KURUNEGALA,Yala,68912.0,68188.0,3642.0,3074.0,2958.0,3148.0
2008,PUTTALAM,Yala,14484.0,14192.0,4136.0,3460.0,2914.0,3746.0
2008,ANURADHAPURA,Yala,49133.0,48235.0,4610.0,4154.0,4154.0,4396.0
2008,POLONNARUWA,Yala,54481.0,54460.0,5000.0,4380.0,3005.414551607445,4971.0
2008,BADULLA,Yala,12746.0,12744.0,4901.0,4070.0,4070.0,4605.0
2008,MONARAGALA,Yala,13716.0,13612.0,4401.0,4161.0,4161.0,4272.0
2008,RATNAPURA,Yala,11331.0,11210.0,4596.0,3730.0,2618.0,3556.0
2008,KEGALLE,Yala,7431.0,7424.0,3866.2728350515463,3077.0,3440.0,3323.0
2008,UDAWALAWE,Yala,10718.0,10503.0,6198.0,3388.6953165208442,3005.414551607445,6198.0
2008,MAHAWELI  'H',Yala,17758.0,17758.0,5403.0,3388.6953165208442,3005.414551607445,5403.0
2009,COLOMBO,Yala,3615.0,3603.0,2957.0,2957.0,3018.0,3004.0
2009,GAMPAHA,Yala,8106.0,8095.0,3680.0,3439.0,3257.0,339.0
2009,KALUTARA,Yala,12872.0,12863.0,3033.0,2513.0,2969.0,2898.0
2009,KANDY,Yala,9262.0,9185.0,4160.0,3158.0,3082.0,3545.0
2009,MATALE,Yala,6406.0,6163.0,4117.0,3386.0,2842.0,3642.0
2009,NUWARA ELIYA,Yala,2884.0,2858.0,3070.0,2867.0,2867.0,2913.0
2009,GALLE,Yala,13120.0,13084.0,3866.2728350515463,3013.0,2997.0,2997.0
2009,MATARA,Yala,15722.0,15538.0,4167.0,3624.0,3405.0,3628.0
2009,HAMBANTOTA,Yala,21905.0,21853.0,5264.0,4226.0,3227.0,5017.0
2009,JAFFNA,Yala,18577.883797827115,17849.875117813383,3866.2728350515463,3388.6953165208442,3005.414551607445,3971.4277163904235
2009,MANNAR,Yala,18577.883797827115,17849.875117813383,3866.2728350515463,3388.6953165208442,3005.414551607445,3971.4277163904235
2009,VAVUNIYA,Yala,253.0,209.0,4430.0,3924.0,3005.414551607445,3998.0
2009,MULLATIVU,Yala,18577.883797827115,17849.875117813383,3866.2728350515463,3388.6953165208442,3005.414551607445,3971.4277163904235
2009,KILINOCHCHI,Yala,18577.883797827115,17849.875117813383,3866.2728350515463,3388.6953165208442,3005.414551607445,3971.4277163904235
2009,BATTICALOA,Yala,17073.0,16020.0,4262.0,4555.0,3071.0,4189.0
2009,AMPARA,Yala,46227.0,45303.0,4994.0,3895.0,3895.0,4964.0
2009,TRINCOMALEE,Yala,13950.0,13947.0,4864.0,4726.0,4726.0,4851.0
2009,KURUNEGALA,Yala,48916.0,46516.0,4477.0,3467.0,3270.0,3534.0
2009,PUTTALAM,Yala,15258.0,14831.0,4037.0,3382.0,3086.0,3653.0
2009,ANURADHAPURA,Yala,18226.0,17781.0,4431.0,4415.0,4415.0,4426.0
2009,POLONNARUWA,Yala,36862.0,36583.0,4750.0,4473.0,3005.414551607445,4737.0
2009,BADULLA,Yala,8168.0,7973.0,5352.0,3829.0,3829.0,4673.0
2009,MONARAGALA,Yala,8341.0,7325.0,3937.0,3274.0,3274.0,3645.0
2009,RATNAPURA,Yala,11978.0,11840.0,5118.0,3099.0,2555.0,3277.0
2009,KEGALLE,Yala,7617.0,7610.0,3866.2728350515463,3449.0,3338.0,3374.0
2009,UDAWALAWE,Yala,12188.0,11944.0,6105.0,3388.6953165208442,3005.414551607445,6105.0
2009,MAHAWELI  'H',Yala,6481.0,6481.0,4821.0,3388.6953165208442,3005.414551607445,4821.0
2010,COLOMBO,Yala,2656.0,2656.0,3523.0,3769.0,3059.0,3209.0
2010,GAMPAHA,Yala,7828.0,7810.0,3994.0,3529.0,3648.0,3687.0
2010,KALUTARA,Yala,12025.0,11935.0,2248.0,2842.0,2657.0,2682.0
2010,KANDY,Yala,10121.0,10103.0,4187.0,3166.0,3250.0,3567.0
2010,MATALE,Yala,10719.0,10718.0,4993.0,3690.0,3163.0,4292.0
2010,NUWARA ELIYA,Yala,3030.0,2960.0,4474.0,4456.0,2604.0,4420.0
2010,GALLE,Yala,11732.0,11685.0,3509.0,3398.0,2937.0,2943.0
2010,MATARA,Yala,15574.0,15467.0,3823.0,3263.0,3297.0,3415.0
2010,HAMBANTOTA,Yala,24255.0,24244.0,5338.0,4373.0,3730.0,5114.0
2010,JAFFNA,Yala,18577.883797827115,17849.875117813383,3866.2728350515463,3388.6953165208442,3005.414551607445,3971.4277163904235
2010,MANNAR,Yala,600.0,600.0,3909.0,3388.6953165208442,3005.414551607445,3909.0
2010,VAVUNIYA,Yala,834.0,827.0,5014.0,4277.0,3005.414551607445,4724.0
2010,MULLATIVU,Yala,1183.0,1150.0,3888.0,3764.0,3005.414551607445,3877.0
2010,KILINOCHCHI,Yala,1468.0,1468.0,2581.0,2465.0,3005.414551607445,2579.0
2010,BATTICALOA,Yala,20901.0,20894.0,4051.0,3725.0,3869.0,4008.0
2010,AMPARA,Yala,59255.0,59196.0,4903.0,3996.0,4408.0,4877.0
2010,TRINCOMALEE,Yala,13116.0,13059.0,4869.0,4670.0,3005.414551607445,4853.0
2010,KURUNEGALA,Yala,56682.0,56386.0,4305.0,4083.0,3782.0,3993.0
2010,PUTTALAM,Yala,10576.0,9436.0,3700.0,3396.0,3773.0,3567.0
2010,ANURADHAPURA,Yala,22887.0,22808.0,5140.0,4477.0,3766.0,4887.0
2010,POLONNARUWA,Yala,58301.0,58300.0,5121.0,4474.0,3005.414551607445,5095.0
2010,BADULLA,Yala,12665.0,12665.0,5016.0,3558.0,3279.0,4480.0
2010,MONARAGALA,Yala,14016.0,13884.0,5093.0,3537.0,2392.0,4210.0
2010,RATNAPURA,Yala,11463.0,11449.0,4795.0,3149.0,2475.0,3280.0
2010,KEGALLE,Yala,7216.0,7209.0,3866.2728350515463,2923.0,2810.0,2846.0
2010,UDAWALAWE,Yala,14317.0,14317.0,6526.0,3388.6953165208442,3005.414551607445,6526.0
2010,MAHAWELI  'H',Yala,15824.0,15824.0,5574.0,3388.6953165208442,3005.414551607445,5574.0
2011,COLOMBO,Yala,2378.0,2343.0,3441.0,3364.0,2893.0,2999.0
2011,GAMPAHA,Yala,5461.0,5449.0,3802.0,3488.0,3148.0,3415.0
2011,KALUTARA,Yala,11499.0,11394.0,2596.0,2451.0,2424.0,2430.0
2011,KANDY,Yala,9127.0,8943.0,4411.0,3492.0,2977.0,3737.0
2011,MATALE,Yala,10718.0,10607.0,4839.0,3689.0,3286.0,4202.0
2011,NUWARA ELIYA,Yala,2946.0,2921.0,4302.0,4209.0,3190.0,4208.0
2011,GALLE,Yala,10560.0,10545.0,3533.0,3122.0,2919.0,2924.0
2011,MATARA,Yala,15401.0,15372.0,3831.0,3275.0,3086.0,3299.0
2011,HAMBANTOTA,Yala,25339.0,25260.0,5345.0,4090.0,3633.0,5047.0
2011,JAFFNA,Yala,18577.883797827115,17849.875117813383,3866.2728350515463,3388.6953165208442,3005.414551607445,3971.4277163904235
2011,MANNAR,Yala,1818.0,1799.0,3873.0,2740.0,3005.414551607445,3842.0
2011,VAVUNIYA,Yala,4272.0,4272.0,4752.0,3854.0,3305.0,4151.0
2011,MULLATIVU,Yala,3433.0,3371.0,3720.0,3498.0,3005.414551607445,3669.0
2011,KILINOCHCHI,Yala,6518.0,6501.0,2622.0,2434.0,3005.414551607445,2616.0
2011,BATTICALOA,Yala,21699.0,21699.0,4132.0,3197.0,2940.0,4031.0
2011,AMPARA,Yala,61904.0,61904.0,4919.0,3677.0,3360.0,4863.0
2011,TRINCOMALEE,Yala,18514.0,18256.0,4807.0,3931.0,3005.414551607445,4710.0
2011,KURUNEGALA,Yala,68619.0,67458.0,4280.0,3860.0,3358.0,3758.0
2011,PUTTALAM,Yala,17521.0,17194.0,4133.0,3337.0,3242.0,3684.0
2011,ANURADHAPURA,Yala,54471.0,53943.0,5064.0,4475.0,3005.414551607445,4775.0
2011,POLONNARUWA,Yala,61666.0,61605.0,5075.0,4028.0,3005.414551607445,5028.0
2011,BADULLA,Yala,13179.0,13149.0,4972.0,3373.0,2785.0,4395.0
2011,MONARAGALA,Yala,15764.0,15556.0,4944.0,3719.0,2647.0,4123.0
2011,RATNAPURA,Yala,11734.0,11301.0,4807.0,3198.0,2518.0,3315.0
2011,KEGALLE,Yala,7024.0,7003.0,3866.2728350515463,2956.0,2663.0,2756.0
2011,UDAWALAWE,Yala,13882.0,13882.0,6532.0,3388.6953165208442,3005.414551607445,6532.0
2011,MAHAWELI  'H',Yala,17558.0,17558.0,5373.0,3388.6953165208442,3005.414551607445,5373.0
2012,COLOMBO,Yala,910.0,906.0,3196.0,3195.0,2931.0,3002.0
2012,GAMPAHA,Yala,3571.0,3558.0,3744.0,3148.0,2912.0,3258.0
2012,KALUTARA,Yala,7232.0,7216.0,2693.0,2585.0,2362.0,2398.0
2012,KANDY,Yala,5558.0,5389.0,3942.0,3460.0,2389.0,3642.0
2012,MATALE,Yala,5638.0,5160.0,4442.0,3200.0,3246.0,3686.0
2012,NUWARA ELIYA,Yala,1144.0,1139.0,3569.0,3014.0,2699.0,3087.0
2012,GALLE,Yala,4212.0,4177.0,3075.0,3075.0,3075.0,3075.0
2012,MATARA,Yala,12476.0,12034.0,3602.0,2845.0,2875.0,3050.0
2012,HAMBANTOTA,Yala,21403.0,20525.0,5208.0,3905.0,2642.0,4919.0
2012,JAFFNA,Yala,18577.883797827115,17849.875117813383,3866.2728350515463,3388.6953165208442,3005.414551607445,3971.4277163904235
2012,MANNAR,Yala,2201.0,1850.0,3759.0,3638.0,3005.414551607445,3759.0
2012,VAVUNIYA,Yala,1156.0,744.0,3964.0,3527.0,3005.414551607445,3788.0
2012,MULLATIVU,Yala,2588.0,2582.0,3638.0,3391.0,3005.414551607445,3590.0
2012,KILINOCHCHI,Yala,5771.0,4808.0,4033.0,3609.0,3005.414551607445,4032.0
2012,BATTICALOA,Yala,23887.0,23887.0,4031.0,3735.0,3665.0,3965.0
2012,AMPARA,Yala,60864.0,59749.0,4772.0,3625.0,3617.0,4729.0
2012,TRINCOMALEE,Yala,16107.0,15946.0,4473.0,4260.0,3005.414551607445,4455.0
2012,KURUNEGALA,Yala,41517.0,15153.0,4252.0,3119.0,2880.0,3413.0
2012,PUTTALAM,Yala,6341.0,4466.0,3881.0,2897.0,2707.0,3582.0
2012,ANURADHAPURA,Yala,26568.0,22100.0,4241.0,3696.0,3005.414551607445,4049.0
2012,POLONNARUWA,Yala,53452.0,45514.0,4252.0,3119.0,3005.414551607445,4199.0
2012,BADULLA,Yala,11676.0,11490.0,4534.0,3563.0,2585.0,4208.0
2012,MONARAGALA,Yala,13468.0,11708.0,4781.0,2919.0,2677.0,3956.0
2012,RATNAPURA,Yala,9743.0,9122.0,4499.0,3307.0,2776.0,3447.0
2012,KEGALLE,Yala,2882.0,2275.0,3866.2728350515463,2864.0,2652.0,2728.0
2012,UDAWALAWE,Yala,11644.0,11644.0,5052.0,3388.6953165208442,3005.414551607445,5052.0
2012,MAHAWELI  'H',Yala,12533.0,2172.0,5316.0,3388.6953165208442,3005.414551607445,5316.0
2013,COLOMBO,Yala,1257.0,1247.0,3145.0,2755.0,2422.0,2522.0
2013,GAMPAHA,Yala,4813.0,4713.0,3615.0,2736.0,2585.0,2934.0
2013,KALUTARA,Yala,6906.0,6906.0,2475.0,2639.0,2518.0,2539.0
2013,KANDY,Yala,8459.0,8439.0,4922.0,2814.0,2543.0,3691.0
2013,MATALE,Yala,9318.0,9292.0,5197.0,4092.0,2828.0,4617.0
2013,NUWARA ELIYA,Yala,1832.0,1832.0,3973.0,2990.0,2681.0,3196.0
2013,GALLE,Yala,4057.0,4050.0,3919.0,2657.0,2663.0,2670.0
2013,MATARA,Yala,11331.0,11294.0,4170.0,3242.0,3203.0,3475.0
2013,HAMBANTOTA,Yala,25896.0,25850.0,5166.0,4550.0,3425.0,4987.0
2013,JAFFNA,Yala,18577.883797827115,17849.875117813383,3866.2728350515463,3388.6953165208442,3005.414551607445,3971.4277163904235
2013,MANNAR,Yala,2248.0,2248.0,5357.0,5904.0,3005.414551607445,5694.0
2013,VAVUNIYA,Yala,5270.0,5270.0,4962.0,4712.0,2578.0,4813.0
2013,MULLATIVU,Yala,3896.0,3896.0,5290.0,5033.0,3005.414551607445,5227.0
2013,KILINOCHCHI,Yala,5825.0,5825.0,5641.0,3609.0,3005.414551607445,5630.0
2013,BATTICALOA,Yala,27556.0,27556.0,4570.0,4564.0,5045.0,4603.0
2013,AMPARA,Yala,64403.0,64352.0,4842.0,4696.0,3609.0,4833.0
2013,TRINCOMALEE,Yala,23012.0,23012.0,4774.0,4748.0,2578.0,4758.0
2013,KURUNEGALA,Yala,52461.0,52300.0,4280.0,3679.0,3104.0,3619.0
2013,PUTTALAM,Yala,11533.0,11154.0,4266.0,3468.0,2881.0,3856.0
2013,ANURADHAPURA,Yala,46888.0,46850.0,4607.0,3961.0,2578.0,4284.0
2013,POLONNARUWA,Yala,62503.0,62503.0,4788.0,4245.0,3005.414551607445,4725.0
2013,BADULLA,Yala,13485.0,13485.0,5064.0,3302.0,3510.0,4443.0
2013,MONARAGALA,Yala,15346.0,15319.0,4146.0,3255.0,2719.0,3696.0
2013,RATNAPURA,Yala,8465.0,8457.0,5568.0,3522.0,2867.0,3941.0
2013,KEGALLE,Yala,4725.0,4661.0,3866.2728350515463,2926.0,2712.0,2783.0
2013,UDAWALAWE,Yala,11994.0,11994.0,6198.0,3388.6953165208442,3005.414551607445,6198.0
2013,MAHAWELI  'H',Yala,14134.0,14134.0,4865.0,3388.6953165208442,3005.414551607445,4865.0
2014,COLOMBO,Yala,983.0,978.0,3171.0,3089.0,3066.0,3073.0
2014,GAMPAHA,Yala,5171.0,5012.0,3720.0,3124.0,2882.0,3179.0
2014,KALUTARA,Yala,6272.0,6260.0,2589.0,2878.0,2806.0,2817.0
2014,KANDY,Yala,8118.0,8110.0,4366.0,3375.0,2567.0,3667.0
2014,MATALE,Yala,6507.0,6295.0,4623.0,3831.0,2865.0,4169.0
2014,NUWARA ELIYA,Yala,1839.0,1839.0,4084.0,4332.0,2794.0,4274.0
2014,GALLE,Yala,4767.0,4767.0,3866.2728350515463,2609.0,2739.0,2735.0
2014,MATARA,Yala,11221.0,11175.0,4861.0,2883.0,2949.0,3398.0
2014,HAMBANTOTA,Yala,21524.0,20644.0,4535.0,5724.0,2748.0,4627.0
2014,JAFFNA,Yala,18577.883797827115,17849.875117813383,3866.2728350515463,3388.6953165208442,3005.414551607445,3971.4277163904235
2014,MANNAR,Yala,1726.0,1195.0,3847.0,4094.0,3005.414551607445,3970.0
2014,VAVUNIYA,Yala,1557.0,1283.0,4909.0,4075.0,3005.414551607445,4507.0
2014,MULLATIVU,Yala,440.0,424.0,3726.0,3445.0,3005.414551607445,3633.0
2014,KILINOCHCHI,Yala,324.0,324.0,4238.0,3388.6953165208442,3005.414551607445,4238.0
2014,BATTICALOA,Yala,20282.0,20282.0,4194.0,3805.0,3767.0,4137.0
2014,AMPARA,Yala,44377.0,44360.0,4782.0,3395.0,3820.0,4700.0
2014,TRINCOMALEE,Yala,7394.0,7319.0,4446.0,3388.6953165208442,3005.414551607445,4446.0
2014,KURUNEGALA,Yala,59599.0,52587.0,4851.0,3632.0,2077.0,3453.0
2014,PUTTALAM,Yala,10741.0,10307.0,4298.0,3455.0,4337.0,3927.0
2014,ANURADHAPURA,Yala,17542.0,16174.0,4868.0,3833.0,2578.0,4461.0
2014,POLONNARUWA,Yala,34553.0,34540.0,4906.0,4826.0,3005.414551607445,4902.0
2014,BADULLA,Yala,12843.0,12731.0,5143.0,3953.0,3038.0,4751.0
2014,MONARAGALA,Yala,8814.0,7769.0,4048.0,3357.0,2682.0,3778.0
2014,RATNAPURA,Yala,7412.0,7412.0,4591.0,3078.0,3231.0,3525.0
2014,KEGALLE,Yala,3969.0,3934.0,3866.2728350515463,2900.0,2689.0,2763.0
2014,UDAWALAWE,Yala,10277.0,10277.0,6363.0,3388.6953165208442,3005.414551607445,6363.0
2014,MAHAWELI  'H',Yala,4727.0,4727.0,4887.0,3388.6953165208442,3005.414551607445,4887.0
2015,COLOMBO,Yala,1309.0,1302.0,2675.0,2874.0,2118.0,2275.0
2015,GAMPAHA,Yala,4592.0,4576.0,3390.0,3164.0,3213.0,3252.0
2015,KALUTARA,Yala,7796.0,7755.0,2726.0,3627.0,3478.0,3495.0
2015,KANDY,Yala,8552.0,8545.0,4039.0,3334.0,3300.0,3647.0
2015,MATALE,Yala,10186.0,10152.0,4695.0,3774.0,2893.0,4202.0
2015,NUWARA ELIYA,Yala,2157.0,2157.0,3787.0,3992.0,2967.0,3943.0
2015,GALLE,Yala,5694.0,5125.0,2636.0,2241.0,2674.0,2649.0
2015,MATARA,Yala,13655.0,12701.0,4529.0,3406.0,3726.0,3861.0
2015,HAMBANTOTA,Yala,26302.0,25626.0,5523.0,4846.0,2901.0,5279.0
2015,JAFFNA,Yala,18577.883797827115,17849.875117813383,3866.2728350515463,3388.6953165208442,3005.414551607445,3971.4277163904235
2015,MANNAR,Yala,2976.0,2798.0,4904.0,5009.0,3005.414551607445,4954.0
2015,VAVUNIYA,Yala,5722.0,5654.0,4882.0,4567.0,2941.0,4683.0
2015,MULLATIVU,Yala,6969.0,6969.0,4512.0,4586.0,3005.414551607445,4540.0
2015,KILINOCHCHI,Yala,6854.0,6854.0,4646.0,2957.0,3005.414551607445,4634.0
2015,BATTICALOA,Yala,27011.0,26960.0,4834.0,4686.0,4779.0,4811.0
2015,AMPARA,Yala,65973.0,65968.0,4924.0,4812.0,4327.0,4906.0
2015,TRINCOMALEE,Yala,22294.0,22207.0,4820.0,4867.0,2761.0,4745.0
2015,KURUNEGALA,Yala,62649.0,61318.0,4640.0,3381.0,2971.0,3562.0
2015,PUTTALAM,Yala,15327.0,15172.0,4142.0,3591.0,2844.0,3817.0
2015,ANURADHAPURA,Yala,50398.0,50102.0,4928.0,4308.0,3172.0,4612.0
2015,POLONNARUWA,Yala,62135.0,61799.0,5140.0,5054.0,4427.0,5131.0
2015,BADULLA,Yala,13074.0,13074.0,4766.0,3840.0,2979.0,4459.0
2015,MONARAGALA,Yala,15415.0,15403.0,4359.0,3676.0,3053.0,4011.0
2015,RATNAPURA,Yala,8311.0,8290.0,4823.0,3250.0,3486.0,3688.0
2015,KEGALLE,Yala,4723.0,4678.0,3866.2728350515463,3402.0,3452.0,3437.0
2015,UDAWALAWE,Yala,12524.0,12524.0,6062.0,3388.6953165208442,3005.414551607445,6062.0
2015,MAHAWELI  'H',Yala,18064.0,18064.0,5526.0,3388.6953165208442,3005.414551607445,5526.0
2016,COLOMBO,Yala,402.0,398.0,2463.0,2236.0,2703.0,2567.0
2016,GAMPAHA,Yala,1903.0,1875.0,2962.0,2714.0,2362.0,2703.0
2016,KALUTARA,Yala,2799.0,2786.0,3179.0,3204.0,2898.0,2954.0
2016,KANDY,Yala,7565.0,7552.0,4486.0,2292.0,3048.0,3533.0
2016,MATALE,Yala,7414.0,7364.0,4987.0,4814.0,3814.0,4886.0
2016,NUWARA ELIYA,Yala,2017.0,2015.0,3815.0,3152.0,1656.0,3297.0
2016,GALLE,Yala,1199.0,1180.0,3866.2728350515463,2657.0,3152.0,3148.0
2016,MATARA,Yala,6404.0,6334.0,3558.0,3525.0,3953.0,3719.0
2016,HAMBANTOTA,Yala,22444.0,22042.0,5224.0,5825.0,2687.0,5259.0
2016,JAFFNA,Yala,18577.883797827115,17849.875117813383,3866.2728350515463,3388.6953165208442,3005.414551607445,3971.4277163904235
2016,MANNAR,Yala,2416.0,2000.0,5283.0,3155.0,3005.414551607445,4162.0
2016,VAVUNIYA,Yala,3371.0,1121.0,4165.0,3388.6953165208442,3005.414551607445,4165.0
2016,MULLATIVU,Yala,5344.0,5344.0,4333.0,4185.0,3005.414551607445,4297.0
2016,KILINOCHCHI,Yala,2442.0,2442.0,4380.0,3606.0,3005.414551607445,4360.0
2016,BATTICALOA,Yala,27360.0,27330.0,3495.0,3709.0,3836.0,3536.0
2016,AMPARA,Yala,64004.0,64003.0,4729.0,5440.0,5337.0,4766.0
2016,TRINCOMALEE,Yala,20963.0,20963.0,4928.0,4754.0,3005.414551607445,4895.0
2016,KURUNEGALA,Yala,50190.0,49356.0,4524.0,3459.0,2675.0,3537.0
2016,PUTTALAM,Yala,14150.0,13569.0,3633.0,2960.0,3081.0,3282.0
2016,ANURADHAPURA,Yala,38701.0,38223.0,4380.0,4208.0,5855.0,4295.0
2016,POLONNARUWA,Yala,56264.0,56245.0,5029.0,5240.0,3005.414551607445,5047.0
2016,BADULLA,Yala,12679.0,12679.0,4785.0,3656.0,2573.0,4415.0
2016,MONARAGALA,Yala,9405.0,9384.0,4503.0,4153.0,3400.0,4363.0
2016,RATNAPURA,Yala,6205.0,6132.0,5083.0,3992.0,3039.0,4172.0
2016,KEGALLE,Yala,2462.0,2418.0,3866.2728350515463,3416.0,3323.0,3349.0
2016,UDAWALAWE,Yala,10588.0,10588.0,6365.0,3388.6953165208442,3005.414551607445,6365.0
2016,MAHAWELI  'H',Yala,6627.0,6627.0,5111.0,3388.6953165208442,3005.414551607445,5111.0
2017,COLOMBO,Yala,946.0,908.0,2584.0,2627.0,2755.0,2720.0
2017,GAMPAHA,Yala,2728.0,2596.0,3368.0,2621.0,2203.0,2672.0
2017,KALUTARA,Yala,5785.0,5635.0,3123.0,3065.0,3263.0,3228.0
2017,KANDY,Yala,6277.0,6219.0,5013.0,3084.0,2559.0,4162.0
2017,MATALE,Yala,5457.0,5138.0,4435.0,4054.0,3319.0,4277.0
2017,NUWARA ELIYA,Yala,1142.0,1142.0,4152.0,3447.0,2654.0,3619.0
2017,GALLE,Yala,4919.0,4850.0,3866.2728350515463,2692.0,2443.0,2448.0
2017,MATARA,Yala,11921.0,11636.0,3841.0,3333.0,3340.0,3491.0
2017,HAMBANTOTA,Yala,20967.0,20772.0,5667.0,4130.0,3073.0,5348.0
2017,JAFFNA,Yala,18577.883797827115,17849.875117813383,3866.2728350515463,3388.6953165208442,3005.414551607445,3971.4277163904235
2017,MANNAR,Yala,101.0,101.0,3866.2728350515463,2839.0,3005.414551607445,2839.0
2017,VAVUNIYA,Yala,487.0,471.0,5321.0,3871.0,3005.414551607445,4361.0
2017,MULLATIVU,Yala,934.0,905.0,3195.0,3273.0,3005.414551607445,3209.0
2017,KILINOCHCHI,Yala,1429.0,1351.0,3992.0,4289.0,3005.414551607445,4006.0
2017,BATTICALOA,Yala,24211.0,22211.0,3294.0,4296.0,4006.0,3431.0
2017,AMPARA,Yala,46302.0,45937.0,4279.0,3773.0,3629.0,4251.0
2017,TRINCOMALEE,Yala,8977.0,8890.0,4861.0,4691.0,3005.414551607445,4843.0
2017,KURUNEGALA,Yala,15824.0,9728.0,4954.0,2812.0,3219.0,3940.0
2017,PUTTALAM,Yala,2463.0,981.0,3731.0,5025.0,5048.0,4024.0
2017,ANURADHAPURA,Yala,8525.0,8272.0,4230.0,3116.0,3782.0,3909.0
2017,POLONNARUWA,Yala,40882.0,40228.0,4943.0,4275.0,2855.0,4878.0
2017,BADULLA,Yala,8668.0,8661.0,4822.0,3877.0,2886.0,4434.0
2017,MONARAGALA,Yala,9900.0,9727.0,4891.0,3920.0,2604.0,4502.0
2017,RATNAPURA,Yala,6070.0,5960.0,3167.0,3418.0,2733.0,3267.0
2017,KEGALLE,Yala,1676.0,1660.0,3866.2728350515463,2701.0,2951.0,2871.0
2017,UDAWALAWE,Yala,6225.0,6225.0,5770.0,3388.6953165208442,3005.414551607445,5770.0
2017,MAHAWELI  'H',Yala,6307.0,6275.0,4770.0,3388.6953165208442,3005.414551607445,4770.0
2018,COLOMBO,Yala,843.0,1174.0,2724.0,3481.0,3289.0,3259.0
2018,GAMPAHA,Yala,2678.0,5766.0,3193.0,2532.0,3759.0,3210.0
2018,KALUTARA,Yala,5191.0,6108.0,3271.0,3098.0,3019.0,3034.0
2018,KANDY,Yala,1509.0,6332.0,5247.0,3672.0,3564.0,4197.0
2018,MATALE,Yala,616.0,7713.0,4788.0,4510.0,3209.0,4561.0
2018,NUWARA ELIYA,Yala,7.0,2505.0,4317.0,3977.0,3007.0,4041.0
2018,GALLE,Yala,3172.0,3944.0,2708.0,3275.0,3188.0,3204.0
2018,MATARA,Yala,5255.0,12062.0,4717.0,3399.0,3478.0,3866.0
2018,HAMBANTOTA,Yala,1180.0,24695.0,6735.0,5113.0,2948.0,6252.0
2018,JAFFNA,Yala,18577.883797827115,17849.875117813383,3866.2728350515463,3388.6953165208442,3005.414551607445,3971.4277163904235
2018,MANNAR,Yala,18577.883797827115,479.0,4777.0,3388.6953165208442,3005.414551607445,4777.0
2018,VAVUNIYA,Yala,18577.883797827115,409.0,4045.0,3994.0,3005.414551607445,4029.0
2018,MULLATIVU,Yala,18577.883797827115,1635.0,4116.0,4257.0,3005.414551607445,4151.0
2018,KILINOCHCHI,Yala,18577.883797827115,948.0,4773.0,3388.6953165208442,3005.414551607445,4773.0
2018,BATTICALOA,Yala,1998.0,25655.0,4338.0,3555.0,3099.0,4104.0
2018,AMPARA,Yala,369.0,41927.0,4878.0,4256.0,3769.0,4840.0
2018,TRINCOMALEE,Yala,8.0,20353.0,5100.0,4399.0,3259.0,4994.0
2018,KURUNEGALA,Yala,17507.0,46830.0,5208.0,3663.0,3311.0,3899.0
2018,PUTTALAM,Yala,779.0,12081.0,4634.0,4504.0,3848.0,4524.0
2018,ANURADHAPURA,Yala,141.0,20250.0,5696.0,3957.0,3831.0,5262.0
2018,POLONNARUWA,Yala,1.0,59865.0,5080.0,4974.0,3777.0,5070.0
2018,BADULLA,Yala,32.0,10799.0,4953.0,4078.0,3395.0,4673.0
2018,MONARAGALA,Yala,711.0,12578.0,3872.0,3678.0,2070.0,3684.0
2018,RATNAPURA,Yala,1090.0,7265.0,4393.0,4107.0,3130.0,4042.0
2018,KEGALLE,Yala,3276.0,4622.0,3866.2728350515463,3267.0,3063.0,3124.0
2018,UDAWALAWE,Yala,18577.883797827115,10518.0,6560.0,3388.6953165208442,3005.414551607445,6560.0
2018,MAHAWELI  'H',Yala,18577.883797827115,16453.0,5681.0,3388.6953165208442,3005.414551607445,5681.0
2019,COLOMBO,Yala,892.0,788.0,3534.0,3628.0,2872.0,3064.0
2019,GAMPAHA,Yala,5500.0,4183.0,4031.0,2957.0,3178.0,3250.0
2019,KALUTARA,Yala,5076.0,4742.0,3075.0,2926.0,2838.0,2857.0
2019,KANDY,Yala,5858.0,5817.0,3428.0,3060.0,3953.0,3399.0
2019,MATALE,Yala,4621.0,4492.0,5524.0,4572.0,3996.0,5259.0
2019,NUWARA ELIYA,Yala,1487.0,1487.0,2390.0,2784.0,3005.414551607445,2715.0
2019,GALLE,Yala,3333.0,2670.0,2672.0,3199.0,2983.0,3012.0
2019,MATARA,Yala,11306.0,8750.0,3577.0,3048.0,3100.0,3240.0
2019,HAMBANTOTA,Yala,32702.0,32195.0,5877.0,5019.0,3632.0,5726.0
2019,JAFFNA,Yala,18577.883797827115,17849.875117813383,3866.2728350515463,3388.6953165208442,3005.414551607445,3971.4277163904235
2019,MANNAR,Yala,925.0,915.0,5527.0,4634.0,3005.414551607445,5514.0
2019,VAVUNIYA,Yala,2364.0,2318.0,5662.0,4807.0,3005.414551607445,5363.0
2019,MULLATIVU,Yala,5294.0,5262.0,5116.0,4846.0,3005.414551607445,5081.0
2019,KILINOCHCHI,Yala,9581.0,9581.0,5183.0,5159.0,3005.414551607445,5183.0
2019,BATTICALOA,Yala,27444.0,24505.0,3568.0,4538.0,3067.0,3683.0
2019,AMPARA,Yala,56055.0,55117.0,5407.0,4559.0,3989.0,5377.0
2019,TRINCOMALEE,Yala,18375.0,18099.0,5194.0,3823.0,3005.414551607445,4978.0
2019,KURUNEGALA,Yala,39148.0,30764.0,4716.0,4073.0,3191.0,4015.0
2019,PUTTALAM,Yala,8460.0,7161.0,5632.0,2292.0,2771.0,4479.0
2019,ANURADHAPURA,Yala,33412.0,32091.0,5271.0,4920.0,3870.0,5119.0
2019,POLONNARUWA,Yala,61624.0,61429.0,5522.0,5392.0,3005.414551607445,5511.0
2019,BADULLA,Yala,11270.0,10988.0,5471.0,4262.0,2152.0,5120.0
2019,MONARAGALA,Yala,14146.0,13187.0,5549.0,4670.0,2936.0,5122.0
2019,RATNAPURA,Yala,7349.0,7184.0,5665.0,4177.0,3106.0,4834.0
2019,KEGALLE,Yala,2684.0,2285.0,3866.2728350515463,3015.0,2831.0,2882.0
2019,UDAWALAWE,Yala,18577.883797827115,17849.875117813383,3866.2728350515463,3388.6953165208442,3005.414551607445,3971.4277163904235
2019,MAHAWELI  'H',Yala,18577.883797827115,17849.875117813383,3866.2728350515463,3388.6953165208442,3005.414551607445,3971.4277163904235
2020,COLOMBO,Yala,3219.0,3219.0,3060.0,4134.0,3095.0,3281.0
2020,GAMPAHA,Yala,10444.0,10000.0,3980.0,3491.0,3233.0,3445.0
2020,KALUTARA,Yala,11653.0,11592.0,3643.0,3175.0,3409.0,3380.0
2020,KANDY,Yala,8837.0,8803.0,5370.0,3046.0,3374.0,4099.0
2020,MATALE,Yala,8221.0,8209.0,5396.0,4487.0,4169.0,5034.0
2020,NUWARA ELIYA,Yala,4406.0,4406.0,6174.0,4131.0,2439.0,4512.0
2020,GALLE,Yala,11551.0,10915.0,2221.0,3050.0,2810.0,2837.0
2020,MATARA,Yala,13913.0,13499.0,3855.0,3491.0,3425.0,3573.0
2020,HAMBANTOTA,Yala,34167.0,34161.0,6207.0,5132.0,3474.0,5986.0
2020,JAFFNA,Yala,18577.883797827115,17849.875117813383,3866.2728350515463,3388.6953165208442,3005.414551607445,3971.4277163904235
2020,MANNAR,Yala,1610.0,1610.0,5390.0,3543.0,3005.414551607445,5372.0
2020,VAVUNIYA,Yala,1473.0,1472.0,6294.0,5246.0,3124.0,5520.0
2020,MULLATIVU,Yala,5461.0,5461.0,5312.0,4468.0,3005.414551607445,5147.0
2020,KILINOCHCHI,Yala,10034.0,10034.0,5268.0,2695.0,3005.414551607445,5250.0
2020,BATTICALOA,Yala,28955.0,28943.0,4523.0,4794.0,4774.0,4582.0
2020,AMPARA,Yala,61295.0,60708.0,5017.0,4843.0,3796.0,5003.0
2020,TRINCOMALEE,Yala,22112.0,22112.0,5475.0,4304.0,3010.0,5268.0
2020,KURUNEGALA,Yala,58127.0,56531.0,4954.0,4348.0,4039.0,4397.0
2020,PUTTALAM,Yala,15182.0,14263.0,4818.0,3934.0,3526.0,4343.0
2020,ANURADHAPURA,Yala,39334.0,39258.0,5181.0,4326.0,3828.0,4936.0
2020,POLONNARUWA,Yala,62373.0,62147.0,5238.0,5313.0,3005.414551607445,5244.0
2020,BADULLA,Yala,11663.0,11639.0,5317.0,4255.0,4556.0,4973.0
2020,MONARAGALA,Yala,14400.0,14185.0,5294.0,4646.0,3089.0,4922.0
2020,RATNAPURA,Yala,11462.0,11324.0,6073.0,3696.0,3109.0,4403.0
2020,KEGALLE,Yala,6314.0,6252.0,3866.2728350515463,3816.0,3699.0,3731.0
2020,UDAWALAWE,Yala,18577.883797827115,17849.875117813383,3866.2728350515463,3388.6953165208442,3005.414551607445,3971.4277163904235
2020,MAHAWELI  'H',Yala,18577.883797827115,17849.875117813383,3866.2728350515463,3388.6953165208442,3005.414551607445,3971.4277163904235
2021,COLOMBO,Yala,2521.0,2348.0,2606.0,2795.0,2372.0,2455.0
2021,GAMPAHA,Yala,9954.0,8492.0,3389.0,3118.0,2838.0,2991.0
2021,KALUTARA,Yala,9766.0,9429.0,2012.0,2696.0,3130.0,3048.0
2021,KANDY,Yala,9278.0,9256.0,2579.0,3077.0,3411.0,2945.0
2021,MATALE,Yala,12343.0,12325.0,5102.0,4063.0,3860.0,4639.0
2021,NUWARA ELIYA,Yala,2573.0,2573.0,4658.0,3745.0,3005.414551607445,3917.0
2021,GALLE,Yala,8548.0,8326.0,2734.0,1894.0,3030.0,2897.0
2021,MATARA,Yala,14082.0,13862.0,3977.0,3869.0,3489.0,3727.0
2021,HAMBANTOTA,Yala,34490.0,34490.0,6051.0,4902.0,3464.0,5814.0
2021,JAFFNA,Yala,18577.883797827115,17849.875117813383,3866.2728350515463,3388.6953165208442,3005.414551607445,3971.4277163904235
2021,MANNAR,Yala,2740.0,2732.0,5182.0,3864.0,3005.414551607445,4931.0
2021,VAVUNIYA,Yala,5012.0,5002.0,5381.0,5829.0,3005.414551607445,5638.0
2021,MULLATIVU,Yala,7383.0,7383.0,5322.0,5152.0,3005.414551607445,5287.0
2021,KILINOCHCHI,Yala,10071.0,10071.0,4634.0,3308.0,3005.414551607445,4620.0
2021,BATTICALOA,Yala,28502.0,28502.0,4591.0,4709.0,5388.0,4665.0
2021,AMPARA,Yala,62860.0,62776.0,5247.0,4785.0,5277.0,5229.0
2021,TRINCOMALEE,Yala,25239.0,25239.0,5257.0,5306.0,5311.0,5267.0
2021,KURUNEGALA,Yala,68573.0,67988.0,4667.0,3897.0,3736.0,4024.0
2021,PUTTALAM,Yala,18602.0,17491.0,4474.0,3554.0,3326.0,3950.0
2021,ANURADHAPURA,Yala,62104.0,62017.0,4789.0,4546.0,2765.0,4691.0
2021,POLONNARUWA,Yala,62626.0,62399.0,5483.0,4995.0,3005.414551607445,5441.0
2021,BADULLA,Yala,12098.0,12098.0,4996.0,5260.0,5135.0,5088.0
2021,MONARAGALA,Yala,15852.0,15759.0,6096.0,4060.0,2965.0,5034.0
2021,RATNAPURA,Yala,10773.0,10743.0,4873.0,3808.0,3296.0,4119.0
2021,KEGALLE,Yala,5477.0,5460.0,3866.2728350515463,3197.0,2915.0,2991.0
2021,UDAWALAWE,Yala,18577.883797827115,17849.875117813383,3866.2728350515463,3388.6953165208442,3005.414551607445,3971.4277163904235
2021,MAHAWELI  'H',Yala,18577.883797827115,17849.875117813383,3866.2728350515463,3388.6953165208442,3005.414551607445,3971.4277163904235
2022,COLOMBO,Yala,2880.0,2880.0,3114.0,2187.0,2093.0,2207.0
2022,GAMPAHA,Yala,9850.0,9836.0,2604.0,2681.0,2352.0,2493.0
2022,KALUTARA,Yala,10765.0,10661.0,3618.0,2593.0,2267.0,2330.0
2022,KANDY,Yala,10090.0,10089.0,3469.0,3188.0,2881.0,3227.0
2022,MATALE,Yala,12716.0,12683.0,2723.0,2904.0,2419.0,2768.0
2022,NUWARA ELIYA,Yala,2873.0,2871.0,4310.0,3530.0,4022.0,3704.0
2022,GALLE,Yala,10615.0,10422.0,2077.0,2039.0,2227.0,2194.0
2022,MATARA,Yala,13321.0,13072.0,2984.0,2502.0,2690.0,2730.0
2022,HAMBANTOTA,Yala,33031.0,33003.0,4833.0,3523.0,2252.0,4612.0
2022,JAFFNA,Yala,18577.883797827115,17849.875117813383,3866.2728350515463,3388.6953165208442,3005.414551607445,3971.4277163904235
2022,MANNAR,Yala,2275.0,2274.0,3575.0,2781.0,3005.414551607445,3425.0
2022,VAVUNIYA,Yala,5485.0,5456.0,4563.0,4215.0,3005.414551607445,4368.0
2022,MULLATIVU,Yala,6891.0,6891.0,3358.0,4092.0,3005.414551607445,3558.0
2022,KILINOCHCHI,Yala,10333.0,10328.0,2951.0,2038.0,3005.414551607445,2945.0
2022,BATTICALOA,Yala,28696.0,28696.0,2970.0,2974.0,2672.0,2950.0
2022,AMPARA,Yala,62686.0,62644.0,3746.0,2887.0,2602.0,3708.0
2022,TRINCOMALEE,Yala,24491.0,24491.0,4143.0,3441.0,4723.0,4026.0
2022,KURUNEGALA,Yala,56830.0,56581.0,2827.0,2835.0,2669.0,2775.0
2022,PUTTALAM,Yala,13408.0,13308.0,3232.0,2351.0,2515.0,2755.0
2022,ANURADHAPURA,Yala,59918.0,59832.0,3375.0,3073.0,1628.0,3248.0
2022,POLONNARUWA,Yala,58636.0,58631.0,4306.0,4123.0,3005.414551607445,4288.0
2022,BADULLA,Yala,12594.0,12593.0,3190.0,3598.0,3661.0,3349.0
2022,MONARAGALA,Yala,15571.0,15437.0,4060.0,3022.0,868.0,3414.0
2022,RATNAPURA,Yala,11610.0,11522.0,4341.0,2960.0,2411.0,3356.0
2022,KEGALLE,Yala,6104.0,6088.0,3866.2728350515463,2562.0,2542.0,2548.0
2022,UDAWALAWE,Yala,18577.883797827115,17849.875117813383,3866.2728350515463,3388.6953165208442,3005.414551607445,3971.4277163904235
2022,MAHAWELI  'H',Yala,18577.883797827115,17849.875117813383,3866.2728350515463,3388.6953165208442,3005.414551607445,3971.4277163904235
2023,COLOMBO,Yala,2218.0,2215.0,2133.0,2542.0,2372.0,2371.0
2023,GAMPAHA,Yala,8660.0,8467.0,2370.0,3242.0,2424.0,2557.0
2023,KALUTARA,Yala,9132.0,9115.0,3122.0,2946.0,2415.0,2487.0
2023,KANDY,Yala,9900.0,9861.0,4811.0,2846.0,3172.0,3762.0
2023,MATALE,Yala,11757.0,11566.0,4293.0,3716.0,2527.0,3976.0
2023,NUWARA ELIYA,Yala,2439.0,2436.0,4177.0,4104.0,3694.0,4119.0
2023,GALLE,Yala,5683.0,5024.0,3866.2728350515463,2328.0,2167.0,2169.0
2023,MATARA,Yala,12972.0,9709.0,3573.0,2930.0,2775.0,2999.0
2023,HAMBANTOTA,Yala,34947.0,32920.0,5289.0,4253.0,2938.0,5087.0
2023,JAFFNA,Yala,18577.883797827115,17849.875117813383,3866.2728350515463,3388.6953165208442,3005.414551607445,3971.4277163904235
2023,MANNAR,Yala,2374.0,2369.0,5045.0,3704.0,3005.414551607445,4826.0
2023,VAVUNIYA,Yala,5703.0,5530.0,4068.0,4074.0,3005.414551607445,4071.0
2023,MULLATIVU,Yala,5752.0,5752.0,4428.0,4389.0,3005.414551607445,4418.0
2023,KILINOCHCHI,Yala,6882.0,6882.0,3999.0,3010.0,3005.414551607445,3988.0
2023,BATTICALOA,Yala,33566.0,33566.0,3580.0,3401.0,3549.0,3557.0
2023,AMPARA,Yala,63184.0,63176.0,4358.0,3986.0,3251.0,4338.0
2023,TRINCOMALEE,Yala,28649.0,28649.0,4979.0,3757.0,3577.0,4771.0
2023,KURUNEGALA,Yala,65288.0,59851.0,4237.0,3301.0,3004.0,3447.0
2023,PUTTALAM,Yala,17672.0,17270.0,4180.0,3443.0,3730.0,3810.0
2023,ANURADHAPURA,Yala,65524.0,64852.0,4563.0,3790.0,3969.0,4302.0
2023,POLONNARUWA,Yala,66033.0,65990.0,4986.0,4421.0,3686.0,4918.0
2023,BADULLA,Yala,13199.0,13176.0,4592.0,4491.0,4451.0,4554.0
2023,MONARAGALA,Yala,16561.0,16490.0,4455.0,3823.0,2555.0,4026.0
2023,RATNAPURA,Yala,10487.0,10424.0,5661.0,3164.0,3002.0,4195.0
2023,KEGALLE,Yala,6494.0,6382.0,3866.2728350515463,3142.0,2954.0,2974.0
2023,UDAWALAWE,Yala,18577.883797827115,17849.875117813383,3866.2728350515463,3388.6953165208442,3005.414551607445,3971.4277163904235
2023,MAHAWELI  'H',Yala,18577.883797827115,17849.875117813383,3866.2728350515463,3388.6953165208442,3005.414551607445,3971.4277163904235
2024,COLOMBO,Yala,1579.0,1538.0,2322.0,1930.0,1929.0,1975.0
2024,GAMPAHA,Yala,6017.0,5732.0,2736.0,2440.0,2957.0,2831.0
2024,KALUTARA,Yala,5965.0,5939.0,2917.0,2661.0,2697.0,2694.0
2024,KANDY,Yala,8846.0,8840.0,2651.0,3107.0,2956.0,2859.0
2024,MATALE,Yala,10669.0,10669.0,4893.0,3962.0,3103.0,4500.0
2024,NUWARA ELIYA,Yala,2132.0,2131.0,4357.0,3791.0,3858.0,3905.0
20244,GALLE,Yala,3859.0,3761.0,3866.2728350515463,4464.0,2544.0,2602.0
2024,MATARA,Yala,10649.0,10649.0,3166.0,3003.0,2745.0,2936.0
2024,HAMBANTOTA,Yala,35253.0,35246.0,5624.0,4414.0,3115.0,5381.0
2024,JAFFNA,Yala,18577.883797827115,17849.875117813383,3866.2728350515463,3388.6953165208442,3005.414551607445,3971.4277163904235
2024,MANNAR,Yala,2980.0,2978.0,2060.0,2583.0,3005.414551607445,2184.0
2024,VAVUNIYA,Yala,5516.0,5516.0,4305.0,4021.0,3005.414551607445,4175.0
2024,MULLATIVU,Yala,8222.0,8206.0,4008.0,4846.0,3005.414551607445,4198.0
2024,KILINOCHCHI,Yala,9209.0,9209.0,4335.0,4669.0,3005.414551607445,4339.0
2024,BATTICALOA,Yala,33652.0,33652.0,3629.0,3331.0,3146.0,3589.0
2024,AMPARA,Yala,63165.0,63161.0,5571.0,4860.0,3710.0,5532.0
2024,TRINCOMALEE,Yala,28773.0,28773.0,5050.0,5067.0,3005.414551607445,5053.0
2024,KURUNEGALA,Yala,57102.0,56697.0,4396.0,3773.0,2989.0,3708.0
2024,PUTTALAM,Yala,16094.0,15190.0,3804.0,3496.0,3115.0,3609.0
2024,ANURADHAPURA,Yala,61699.0,61660.0,5232.0,4161.0,3657.0,4863.0
2024,POLONNARUWA,Yala,66614.0,66614.0,5791.0,5154.0,3005.414551607445,5716.0
2024,BADULLA,Yala,12193.0,12177.0,5117.0,4735.0,4311.0,4992.0
2024,MONARAGALA,Yala,16459.0,16420.0,4782.0,4102.0,2403.0,4334.0
2024,RATNAPURA,Yala,10331.0,10331.0,6678.0,3119.0,2394.0,4566.0
2024,KEGALLE,Yala,4338.0,4338.0,3866.2728350515463,2751.0,2900.0,2884.0
2024,UDAWALAWE,Yala,18577.883797827115,17849.875117813383,3866.2728350515463,3388.6953165208442,3005.414551607445,3971.4277163904235
2024,MAHAWELI  'H',Yala,18577.883797827115,17849.875117813383,3866.2728350515463,3388.6953165208442,3005.414551607445,3971.4277163904235
